imo,typnum,visit_num,start,end,Deadweight,ShiptypeLevel5,type,number,time_difference,port_name
9760500.0,berth1,1,2022-06-14 13:17:21,2022-06-15 07:43:04,106359.0,Crude Oil Tanker,berth,1,0 days 18:25:43,MONGSTAD
9783007.0,berth1,1,2022-05-27 23:26:32,2022-05-28 16:22:30,112038.0,Crude Oil Tanker,berth,1,0 days 16:55:58,MONGSTAD
9892432.0,berth2,1,2022-02-02 19:38:12,2022-02-03 17:55:33,112459.0,Crude Oil Tanker,berth,2,0 days 22:17:21,MONGSTAD
9892432.0,berth2,2,2022-06-28 10:11:47,2022-06-29 10:33:53,112459.0,Crude Oil Tanker,berth,2,1 days 00:22:06,MONGSTAD
9892432.0,berth2,3,2022-11-06 13:31:35,2022-11-07 10:21:47,112459.0,Crude Oil Tanker,berth,2,0 days 20:50:12,MONGSTAD
,berth3,1,2022-01-23 15:30:19,2022-01-28 11:45:57,,,berth,3,4 days 20:15:38,MONGSTAD
,berth3,2,2022-03-20 01:08:45,2022-03-23 14:03:24,,,berth,3,3 days 12:54:39,MONGSTAD
,berth3,3,2022-08-08 00:43:07,2022-08-13 16:58:23,,,berth,3,5 days 16:15:16,MONGSTAD
,berth3,4,2022-10-28 18:44:15,2022-10-30 04:54:33,,,berth,3,1 days 10:10:18,MONGSTAD
,berth3,5,2022-12-08 02:13:20,2022-12-12 22:21:12,,,berth,3,4 days 20:07:52,MONGSTAD
,berth3,6,2022-12-18 12:04:51,2022-12-20 22:47:12,,,berth,3,2 days 10:42:21,MONGSTAD
9724350.0,berth4,1,2022-09-20 11:41:54,2022-09-21 07:16:46,112939.0,Crude Oil Tanker,berth,4,0 days 19:34:52,MONGSTAD
9724350.0,berth4,2,2022-11-29 13:47:20,2022-11-30 12:22:47,112939.0,Crude Oil Tanker,berth,4,0 days 22:35:27,MONGSTAD
9292515.0,berth1,1,2022-08-19 17:05:44,2022-08-20 17:53:45,115525.0,Crude Oil Tanker,berth,1,1 days 00:48:01,MONGSTAD
9437983.0,berth1,1,2022-10-29 06:42:04,2022-10-30 04:11:07,109005.0,Crude Oil Tanker,berth,1,0 days 21:29:03,MONGSTAD
9734109.0,berth1,1,2022-02-14 17:10:03,2022-02-17 09:43:48,299999.0,Crude Oil Tanker,berth,1,2 days 16:33:45,MONGSTAD
9676125.0,berth3,1,2022-01-02 03:39:54,2022-01-03 15:36:49,119690.0,Shuttle Tanker,berth,3,1 days 11:56:55,MONGSTAD
9676125.0,berth3,2,2022-01-30 13:39:47,2022-01-31 17:05:40,119690.0,Shuttle Tanker,berth,3,1 days 03:25:53,MONGSTAD
9676125.0,berth3,3,2022-02-27 21:19:33,2022-03-01 06:22:39,119690.0,Shuttle Tanker,berth,3,1 days 09:03:06,MONGSTAD
9676125.0,berth3,4,2022-05-21 11:52:10,2022-05-22 10:38:25,119690.0,Shuttle Tanker,berth,3,0 days 22:46:15,MONGSTAD
9676125.0,berth3,5,2022-06-15 22:53:17,2022-06-16 22:35:24,119690.0,Shuttle Tanker,berth,3,0 days 23:42:07,MONGSTAD
9891919.0,berth3,1,2022-05-06 00:24:48,2022-05-07 06:54:54,112156.0,Crude Oil Tanker,berth,3,1 days 06:30:06,MONGSTAD
9676125.0,berth4,1,2022-01-31 20:10:21,2022-02-01 21:54:20,119690.0,Shuttle Tanker,berth,4,1 days 01:43:59,MONGSTAD
9295335.0,berth1,1,2022-03-07 21:45:00,2022-03-09 20:00:05,39698.0,Chemical/Products Tanker,berth,1,1 days 22:15:05,MONGSTAD
9457892.0,berth1,1,2022-02-12 20:57:50,2022-02-14 05:26:08,158466.0,Crude Oil Tanker,berth,1,1 days 08:28:18,MONGSTAD
9676137.0,berth1,1,2022-08-11 20:34:07,2022-08-12 19:03:38,120567.0,Shuttle Tanker,berth,1,0 days 22:29:31,MONGSTAD
9676137.0,berth1,2,2022-10-12 06:54:28,2022-10-13 10:29:52,120567.0,Shuttle Tanker,berth,1,1 days 03:35:24,MONGSTAD
9693745.0,berth1,1,2022-12-28 10:52:35,2022-12-30 10:17:18,320926.0,Crude Oil Tanker,berth,1,1 days 23:24:43,MONGSTAD
9724075.0,berth1,1,2022-05-26 18:16:59,2022-05-27 14:40:35,113736.0,Crude Oil Tanker,berth,1,0 days 20:23:36,MONGSTAD
9776755.0,berth1,1,2022-10-31 10:48:18,2022-11-01 08:53:26,112829.0,Crude Oil Tanker,berth,1,0 days 22:05:08,MONGSTAD
9724348.0,berth3,1,2022-01-24 20:06:08,2022-01-26 08:40:06,113554.0,Crude Oil Tanker,berth,3,1 days 12:33:58,MONGSTAD
9795062.0,berth3,1,2022-12-06 20:48:26,2022-12-07 17:25:33,113416.0,Crude Oil Tanker,berth,3,0 days 20:37:07,MONGSTAD
9802152.0,berth3,1,2022-03-17 01:56:09,2022-03-18 05:02:09,114720.0,Crude Oil Tanker,berth,3,1 days 03:06:00,MONGSTAD
9703332.0,berth1,1,2022-03-23 18:56:17,2022-03-24 16:20:10,109900.0,Crude/Oil Products Tanker,berth,1,0 days 21:23:53,MONGSTAD
9305611.0,berth2,1,2022-03-31 21:37:09,2022-04-01 21:13:05,117055.0,Crude/Oil Products Tanker,berth,2,0 days 23:35:56,MONGSTAD
9592290.0,berth2,1,2022-05-21 22:12:38,2022-05-22 17:04:44,115723.0,Crude Oil Tanker,berth,2,0 days 18:52:06,MONGSTAD
9385192.0,berth3,1,2022-04-14 00:28:32,2022-04-15 13:01:56,159995.0,Crude Oil Tanker,berth,3,1 days 12:33:24,MONGSTAD
9577044.0,berth3,1,2022-11-09 20:12:25,2022-11-10 14:24:25,116619.0,Crude Oil Tanker,berth,3,0 days 18:12:00,MONGSTAD
9886718.0,berth3,1,2022-11-26 15:41:00,2022-11-27 09:39:41,114085.0,Crude Oil Tanker,berth,3,0 days 17:58:41,MONGSTAD
9886718.0,berth3,2,2022-12-08 01:48:10,2022-12-09 06:16:45,114085.0,Crude Oil Tanker,berth,3,1 days 04:28:35,MONGSTAD
9676137.0,berth4,1,2022-08-06 07:11:07,2022-08-07 07:40:10,120567.0,Shuttle Tanker,berth,4,1 days 00:29:03,MONGSTAD
9676137.0,berth4,2,2022-09-27 18:22:45,2022-09-28 16:17:37,120567.0,Shuttle Tanker,berth,4,0 days 21:54:52,MONGSTAD
9402495.0,berth1,1,2022-01-08 06:32:56,2022-01-09 11:07:55,115514.0,Crude Oil Tanker,berth,1,1 days 04:34:59,MONGSTAD
9892432.0,berth1,1,2022-04-20 18:36:59,2022-04-21 23:01:02,112459.0,Crude Oil Tanker,berth,1,1 days 04:24:03,MONGSTAD
9892432.0,berth1,2,2022-08-24 21:46:20,2022-08-26 02:25:09,112459.0,Crude Oil Tanker,berth,1,1 days 04:38:49,MONGSTAD
9892432.0,berth1,3,2022-10-26 23:52:27,2022-10-27 21:04:34,112459.0,Crude Oil Tanker,berth,1,0 days 21:12:07,MONGSTAD
9892432.0,berth1,4,2022-11-18 11:02:52,2022-11-19 09:38:23,112459.0,Crude Oil Tanker,berth,1,0 days 22:35:31,MONGSTAD
9892432.0,berth1,5,2022-12-20 11:50:59,2022-12-21 09:03:47,112459.0,Crude Oil Tanker,berth,1,0 days 21:12:48,MONGSTAD
9779965.0,berth2,1,2022-03-24 15:29:20,2022-03-25 23:40:13,113563.0,Crude Oil Tanker,berth,2,1 days 08:10:53,MONGSTAD
9779965.0,berth2,2,2022-10-31 10:47:34,2022-11-01 08:13:16,113563.0,Crude Oil Tanker,berth,2,0 days 21:25:42,MONGSTAD
9863560.0,berth2,1,2022-03-06 07:29:25,2022-03-07 02:32:30,103118.0,Shuttle Tanker,berth,2,0 days 19:03:05,MONGSTAD
9378369.0,berth3,1,2022-01-06 05:25:41,2022-01-07 15:45:43,159021.0,Crude Oil Tanker,berth,3,1 days 10:20:02,MONGSTAD
9378369.0,berth3,2,2022-05-25 23:34:44,2022-05-27 03:04:56,159021.0,Crude Oil Tanker,berth,3,1 days 03:30:12,MONGSTAD
9858450.0,berth1,1,2022-03-02 10:44:58,2022-03-04 05:09:43,299999.0,Crude Oil Tanker,berth,1,1 days 18:24:45,MONGSTAD
9299707.0,berth2,1,2022-01-28 11:06:29,2022-01-29 15:52:15,109857.0,Crude Oil Tanker,berth,2,1 days 04:45:46,MONGSTAD
9299707.0,berth2,2,2022-02-16 10:43:27,2022-02-17 07:24:29,109857.0,Crude Oil Tanker,berth,2,0 days 20:41:02,MONGSTAD
9783899.0,berth2,1,2022-08-13 14:49:02,2022-08-14 12:20:18,108524.0,Crude Oil Tanker,berth,2,0 days 21:31:16,MONGSTAD
9593012.0,berth3,1,2022-05-16 10:12:46,2022-05-18 11:30:46,159500.0,Crude Oil Tanker,berth,3,2 days 01:18:00,MONGSTAD
9779939.0,berth3,1,2022-12-20 22:33:07,2022-12-22 06:59:52,113689.0,Crude/Oil Products Tanker,berth,3,1 days 08:26:45,MONGSTAD
9683049.0,berth4,1,2022-07-05 08:09:25,2022-07-07 00:52:05,109475.0,Crude Oil Tanker,berth,4,1 days 16:42:40,MONGSTAD
9779953.0,berth4,1,2022-09-18 09:57:21,2022-09-19 07:21:32,113563.0,Crude Oil Tanker,berth,4,0 days 21:24:11,MONGSTAD
9780251.0,berth4,1,2022-12-12 22:09:57,2022-12-13 21:22:15,109900.0,Crude/Oil Products Tanker,berth,4,0 days 23:12:18,MONGSTAD
9305556.0,berth1,1,2022-03-06 13:09:40,2022-03-07 10:51:39,117099.0,Crude Oil Tanker,berth,1,0 days 21:41:59,MONGSTAD
9305556.0,berth1,2,2022-05-20 18:47:23,2022-05-21 14:46:01,117099.0,Crude Oil Tanker,berth,1,0 days 19:58:38,MONGSTAD
9305556.0,berth1,3,2022-10-05 16:38:58,2022-10-06 11:35:32,117099.0,Crude Oil Tanker,berth,1,0 days 18:56:34,MONGSTAD
9458016.0,berth1,1,2022-03-01 10:38:47,2022-03-02 09:20:44,115618.0,Crude Oil Tanker,berth,1,0 days 22:41:57,MONGSTAD
9314105.0,berth3,1,2022-05-20 10:23:54,2022-05-21 07:33:11,107081.0,Crude Oil Tanker,berth,3,0 days 21:09:17,MONGSTAD
9314105.0,berth3,2,2022-07-26 12:44:28,2022-07-27 12:51:56,107081.0,Crude Oil Tanker,berth,3,1 days 00:07:28,MONGSTAD
9420631.0,berth3,1,2022-04-05 21:42:52,2022-04-07 00:17:27,107505.0,Crude Oil Tanker,berth,3,1 days 02:34:35,MONGSTAD
9711456.0,berth3,1,2022-04-22 03:27:55,2022-04-23 05:46:12,113969.0,Crude/Oil Products Tanker,berth,3,1 days 02:18:17,MONGSTAD
,berth4,1,2022-03-09 10:28:54,2022-03-12 23:08:29,,,berth,4,3 days 12:39:35,MONGSTAD
,berth4,2,2022-05-08 16:18:30,2022-05-10 21:29:16,,,berth,4,2 days 05:10:46,MONGSTAD
,berth4,3,2022-06-03 14:38:29,2022-06-08 14:13:12,,,berth,4,4 days 23:34:43,MONGSTAD
,berth4,4,2022-06-20 18:43:22,2022-06-24 00:18:04,,,berth,4,3 days 05:34:42,MONGSTAD
,berth4,5,2022-07-28 06:32:16,2022-07-31 12:17:20,,,berth,4,3 days 05:45:04,MONGSTAD
,berth4,6,2022-11-08 10:46:28,2022-11-11 19:43:28,,,berth,4,3 days 08:57:00,MONGSTAD
9724075.0,berth4,1,2022-05-16 21:55:33,2022-05-18 00:25:45,113736.0,Crude Oil Tanker,berth,4,1 days 02:30:12,MONGSTAD
9724075.0,berth4,2,2022-07-12 12:01:46,2022-07-13 11:04:12,113736.0,Crude Oil Tanker,berth,4,0 days 23:02:26,MONGSTAD
9724075.0,berth4,3,2022-08-14 16:40:05,2022-08-15 18:49:05,113736.0,Crude Oil Tanker,berth,4,1 days 02:09:00,MONGSTAD
9759757.0,berth1,1,2022-06-15 12:15:38,2022-06-16 15:37:44,157460.0,Crude Oil Tanker,berth,1,1 days 03:22:06,MONGSTAD
9794006.0,berth1,1,2022-01-02 06:30:58,2022-01-04 19:11:04,318747.0,Crude Oil Tanker,berth,1,2 days 12:40:06,MONGSTAD
9336426.0,berth2,1,2022-03-04 07:00:58,2022-03-05 03:11:28,105827.0,Crude Oil Tanker,berth,2,0 days 20:10:30,MONGSTAD
9314818.0,berth3,1,2022-02-15 11:11:41,2022-02-17 10:14:05,37273.0,Chemical/Products Tanker,berth,3,1 days 23:02:24,MONGSTAD
9427641.0,berth3,1,2022-05-13 18:05:07,2022-05-14 18:33:19,149999.0,Crude Oil Tanker,berth,3,1 days 00:28:12,MONGSTAD
9724075.0,berth3,1,2022-01-04 17:05:40,2022-01-05 14:32:56,113736.0,Crude Oil Tanker,berth,3,0 days 21:27:16,MONGSTAD
9724087.0,berth3,1,2022-07-22 16:27:44,2022-07-23 13:12:05,113737.0,Crude Oil Tanker,berth,3,0 days 20:44:21,MONGSTAD
9772931.0,berth3,1,2022-11-19 19:37:47,2022-11-20 21:15:26,158455.0,Crude Oil Tanker,berth,3,1 days 01:37:39,MONGSTAD
9299707.0,berth4,1,2022-01-10 08:52:14,2022-01-11 16:29:26,109857.0,Crude Oil Tanker,berth,4,1 days 07:37:12,MONGSTAD
9893058.0,berth1,1,2022-07-18 09:27:26,2022-07-19 07:30:48,113306.0,Crude/Oil Products Tanker,berth,1,0 days 22:03:22,MONGSTAD
9420631.0,berth2,1,2022-02-18 15:57:14,2022-02-19 21:33:20,107505.0,Crude Oil Tanker,berth,2,1 days 05:36:06,MONGSTAD
9420631.0,berth2,2,2022-03-17 08:51:31,2022-03-18 07:35:17,107505.0,Crude Oil Tanker,berth,2,0 days 22:43:46,MONGSTAD
9436161.0,berth2,1,2022-02-14 07:54:30,2022-02-18 19:30:31,850.0,Bunkering Tanker (Oil),berth,2,4 days 11:36:01,MONGSTAD
9542984.0,berth2,1,2022-06-19 23:18:51,2022-06-20 23:19:49,15188.0,LPG Tanker,berth,2,1 days 00:00:58,MONGSTAD
9767340.0,berth2,1,2022-11-03 13:10:34,2022-11-04 11:08:12,109896.0,Crude/Oil Products Tanker,berth,2,0 days 21:57:38,MONGSTAD
9892444.0,berth2,1,2022-05-25 07:53:36,2022-05-26 13:44:21,112459.0,Crude Oil Tanker,berth,2,1 days 05:50:45,MONGSTAD
9892444.0,berth2,2,2022-07-01 09:54:47,2022-07-02 12:18:52,112459.0,Crude Oil Tanker,berth,2,1 days 02:24:05,MONGSTAD
9892444.0,berth2,3,2022-12-28 10:10:23,2022-12-29 15:13:15,112459.0,Crude Oil Tanker,berth,2,1 days 05:02:52,MONGSTAD
9726580.0,berth2,1,2022-08-20 22:45:00,2022-08-21 22:25:56,109900.0,Crude/Oil Products Tanker,berth,2,0 days 23:40:56,MONGSTAD
9865104.0,berth2,1,2022-12-21 15:25:14,2022-12-22 14:41:03,115468.0,Crude/Oil Products Tanker,berth,2,0 days 23:15:49,MONGSTAD
9910533.0,berth2,1,2022-08-27 21:49:14,2022-08-28 16:46:19,112066.0,Crude Oil Tanker,berth,2,0 days 18:57:05,MONGSTAD
9910533.0,berth2,2,2022-12-05 09:53:23,2022-12-06 12:08:21,112066.0,Crude Oil Tanker,berth,2,1 days 02:14:58,MONGSTAD
9321677.0,berth3,1,2022-05-01 01:09:11,2022-05-02 14:33:33,114523.0,Crude Oil Tanker,berth,3,1 days 13:24:22,MONGSTAD
9910533.0,berth3,1,2022-07-21 00:41:46,2022-07-22 00:11:45,112066.0,Crude Oil Tanker,berth,3,0 days 23:29:59,MONGSTAD
9910533.0,berth3,2,2022-11-16 16:46:21,2022-11-17 11:03:49,112066.0,Crude Oil Tanker,berth,3,0 days 18:17:28,MONGSTAD
9628300.0,berth4,1,2022-10-29 12:06:38,2022-10-30 13:32:01,123166.0,Shuttle Tanker,berth,4,1 days 01:25:23,MONGSTAD
9628300.0,berth4,2,2022-11-11 19:54:27,2022-11-12 17:15:29,123166.0,Shuttle Tanker,berth,4,0 days 21:21:02,MONGSTAD
9717278.0,berth1,1,2022-08-05 09:06:26,2022-08-07 08:17:33,39043.0,Chemical/Products Tanker,berth,1,1 days 23:11:07,MONGSTAD
9737395.0,berth1,1,2022-03-19 16:22:47,2022-03-20 17:02:14,113004.0,Crude Oil Tanker,berth,1,1 days 00:39:27,MONGSTAD
9737395.0,berth1,2,2022-05-03 10:52:58,2022-05-04 10:26:40,113004.0,Crude Oil Tanker,berth,1,0 days 23:33:42,MONGSTAD
9737395.0,berth1,3,2022-06-10 15:57:12,2022-06-11 16:11:34,113004.0,Crude Oil Tanker,berth,1,1 days 00:14:22,MONGSTAD
9818228.0,berth1,1,2022-04-03 00:50:42,2022-04-04 03:14:48,157526.0,Crude Oil Tanker,berth,1,1 days 02:24:06,MONGSTAD
9676137.0,berth3,1,2022-01-23 15:31:32,2022-01-24 19:21:47,120567.0,Shuttle Tanker,berth,3,1 days 03:50:15,MONGSTAD
9676137.0,berth3,2,2022-09-21 22:38:48,2022-09-22 17:58:02,120567.0,Shuttle Tanker,berth,3,0 days 19:19:14,MONGSTAD
9676137.0,berth3,3,2022-11-08 09:27:16,2022-11-09 06:15:59,120567.0,Shuttle Tanker,berth,3,0 days 20:48:43,MONGSTAD
9785237.0,berth1,1,2022-09-26 15:59:59,2022-09-27 15:05:39,159055.0,Crude Oil Tanker,berth,1,0 days 23:05:40,MONGSTAD
9791004.0,berth1,1,2022-04-24 20:30:16,2022-04-25 17:00:16,109898.0,Crude/Oil Products Tanker,berth,1,0 days 20:30:00,MONGSTAD
9791004.0,berth1,2,2022-07-14 08:03:57,2022-07-15 03:34:01,109898.0,Crude/Oil Products Tanker,berth,1,0 days 19:30:04,MONGSTAD
9273064.0,berth2,1,2022-07-09 21:34:07,2022-07-11 15:28:47,148644.0,Shuttle Tanker,berth,2,1 days 17:54:40,MONGSTAD
9273064.0,berth2,2,2022-07-25 20:00:19,2022-07-26 22:22:13,148644.0,Shuttle Tanker,berth,2,1 days 02:21:54,MONGSTAD
9273064.0,berth2,3,2022-08-11 15:11:44,2022-08-13 03:28:22,148644.0,Shuttle Tanker,berth,2,1 days 12:16:38,MONGSTAD
9783007.0,berth2,1,2022-04-27 01:13:57,2022-04-28 02:06:14,112038.0,Crude Oil Tanker,berth,2,1 days 00:52:17,MONGSTAD
9783007.0,berth2,2,2022-06-16 08:12:39,2022-06-17 09:14:45,112038.0,Crude Oil Tanker,berth,2,1 days 01:02:06,MONGSTAD
9783007.0,berth2,3,2022-07-29 23:57:06,2022-07-30 21:50:57,112038.0,Crude Oil Tanker,berth,2,0 days 21:53:51,MONGSTAD
9938030.0,berth4,1,2022-12-16 18:15:05,2022-12-18 08:21:06,115429.0,Crude Oil Tanker,berth,4,1 days 14:06:01,MONGSTAD
9711456.0,berth2,1,2022-03-14 10:38:43,2022-03-15 09:04:17,113969.0,Crude/Oil Products Tanker,berth,2,0 days 22:25:34,MONGSTAD
9711456.0,berth2,2,2022-03-21 10:37:30,2022-03-22 09:23:28,113969.0,Crude/Oil Products Tanker,berth,2,0 days 22:45:58,MONGSTAD
9273064.0,berth3,1,2022-02-01 13:22:25,2022-02-02 20:54:46,148644.0,Shuttle Tanker,berth,3,1 days 07:32:21,MONGSTAD
9273064.0,berth3,2,2022-05-09 00:24:09,2022-05-10 03:15:52,148644.0,Shuttle Tanker,berth,3,1 days 02:51:43,MONGSTAD
9273064.0,berth3,3,2022-05-18 16:38:50,2022-05-19 21:37:50,148644.0,Shuttle Tanker,berth,3,1 days 04:59:00,MONGSTAD
9273064.0,berth3,4,2022-11-25 00:21:25,2022-11-26 10:54:18,148644.0,Shuttle Tanker,berth,3,1 days 10:32:53,MONGSTAD
9293155.0,berth3,1,2022-06-06 09:40:48,2022-06-07 11:26:48,106062.0,Crude Oil Tanker,berth,3,1 days 01:46:00,MONGSTAD
9780251.0,berth3,1,2022-02-10 13:23:49,2022-02-11 19:38:51,109900.0,Crude/Oil Products Tanker,berth,3,1 days 06:15:02,MONGSTAD
9780251.0,berth3,2,2022-05-14 19:06:04,2022-05-16 01:01:20,109900.0,Crude/Oil Products Tanker,berth,3,1 days 05:55:16,MONGSTAD
9815616.0,berth4,1,2022-03-12 23:02:25,2022-03-14 00:16:03,114218.0,Crude/Oil Products Tanker,berth,4,1 days 01:13:38,MONGSTAD
9815616.0,berth4,2,2022-10-20 10:02:51,2022-10-21 06:35:17,114218.0,Crude/Oil Products Tanker,berth,4,0 days 20:32:26,MONGSTAD
9676137.0,berth2,1,2022-08-23 00:05:06,2022-08-24 11:55:52,120567.0,Shuttle Tanker,berth,2,1 days 11:50:46,MONGSTAD
9676137.0,berth2,2,2022-10-13 13:46:21,2022-10-14 19:22:51,120567.0,Shuttle Tanker,berth,2,1 days 05:36:30,MONGSTAD
9676137.0,berth2,3,2022-10-21 21:36:46,2022-10-22 18:36:52,120567.0,Shuttle Tanker,berth,2,0 days 21:00:06,MONGSTAD
9817470.0,berth3,1,2022-03-07 16:11:42,2022-03-08 16:51:03,112504.0,Crude Oil Tanker,berth,3,1 days 00:39:21,MONGSTAD
9893060.0,berth3,1,2022-06-18 13:42:51,2022-06-19 07:34:30,113306.0,Crude/Oil Products Tanker,berth,3,0 days 17:51:39,MONGSTAD
9773040.0,berth1,1,2022-11-21 13:03:53,2022-11-22 23:22:37,114456.0,Crude Oil Tanker,berth,1,1 days 10:18:44,MONGSTAD
9833113.0,berth1,1,2022-03-04 22:43:57,2022-03-05 20:36:24,128427.0,Shuttle Tanker,berth,1,0 days 21:52:27,MONGSTAD
9833113.0,berth1,2,2022-09-03 07:00:11,2022-09-04 08:15:55,128427.0,Shuttle Tanker,berth,1,1 days 01:15:44,MONGSTAD
9325908.0,berth2,1,2022-07-12 22:12:51,2022-07-14 08:27:54,115091.0,Crude Oil Tanker,berth,2,1 days 10:15:03,MONGSTAD
9724336.0,berth2,1,2022-01-12 19:19:12,2022-01-13 21:45:58,113611.0,Crude Oil Tanker,berth,2,1 days 02:26:46,MONGSTAD
9893058.0,berth3,1,2022-09-13 02:51:13,2022-09-14 03:33:05,113306.0,Crude/Oil Products Tanker,berth,3,1 days 00:41:52,MONGSTAD
9899375.0,berth3,1,2022-03-08 17:28:40,2022-03-09 20:49:00,156828.0,Crude Oil Tanker,berth,3,1 days 03:20:20,MONGSTAD
9305611.0,berth4,1,2022-10-02 11:25:07,2022-10-03 11:17:30,117055.0,Crude/Oil Products Tanker,berth,4,0 days 23:52:23,MONGSTAD
9422550.0,berth1,1,2022-11-30 09:27:12,2022-12-01 04:15:00,115617.0,Crude/Oil Products Tanker,berth,1,0 days 18:47:48,MONGSTAD
9320714.0,berth3,1,2022-06-13 08:25:04,2022-06-14 19:07:16,166468.0,Crude Oil Tanker,berth,3,1 days 10:42:12,MONGSTAD
9389100.0,berth3,1,2022-11-30 17:07:34,2022-12-01 22:28:07,106969.0,Crude/Oil Products Tanker,berth,3,1 days 05:20:33,MONGSTAD
9717278.0,berth3,1,2022-04-25 07:28:42,2022-04-26 04:43:42,39043.0,Chemical/Products Tanker,berth,3,0 days 21:15:00,MONGSTAD
9852121.0,berth1,1,2022-02-24 05:39:00,2022-03-01 05:00:25,300633.0,Crude Oil Tanker,berth,1,4 days 23:21:25,MONGSTAD
9411185.0,berth2,1,2022-05-05 11:40:07,2022-05-07 04:34:31,105361.0,Crude Oil Tanker,berth,2,1 days 16:54:24,MONGSTAD
9399480.0,berth3,1,2022-10-07 15:38:32,2022-10-08 14:58:52,156719.0,Crude Oil Tanker,berth,3,0 days 23:20:20,MONGSTAD
9466130.0,berth3,1,2022-01-16 11:28:16,2022-01-17 09:17:19,109325.0,Shuttle Tanker,berth,3,0 days 21:49:03,MONGSTAD
9338917.0,berth4,1,2022-03-09 10:31:44,2022-03-10 11:37:33,115824.0,Crude Oil Tanker,berth,4,1 days 01:05:49,MONGSTAD
9427641.0,berth1,1,2022-06-01 00:40:31,2022-06-02 13:57:12,149999.0,Crude Oil Tanker,berth,1,1 days 13:16:41,MONGSTAD
9892444.0,berth1,1,2022-04-01 01:01:52,2022-04-02 08:38:21,112459.0,Crude Oil Tanker,berth,1,1 days 07:36:29,MONGSTAD
9892444.0,berth1,2,2022-07-19 22:08:29,2022-07-21 02:05:25,112459.0,Crude Oil Tanker,berth,1,1 days 03:56:56,MONGSTAD
9649225.0,berth2,1,2022-08-18 10:18:11,2022-08-19 11:41:01,111634.0,Shuttle Tanker,berth,2,1 days 01:22:50,MONGSTAD
9891672.0,berth3,1,2022-12-12 22:32:20,2022-12-13 16:22:35,116120.0,Crude Oil Tanker,berth,3,0 days 17:50:15,MONGSTAD
9724350.0,berth1,1,2022-08-31 02:38:26,2022-09-01 04:02:28,112939.0,Crude Oil Tanker,berth,1,1 days 01:24:02,MONGSTAD
9724350.0,berth1,2,2022-09-12 07:36:26,2022-09-13 09:15:26,112939.0,Crude Oil Tanker,berth,1,1 days 01:39:00,MONGSTAD
9799123.0,berth1,1,2022-03-28 22:53:25,2022-03-31 02:35:25,311003.0,Crude Oil Tanker,berth,1,2 days 03:42:00,MONGSTAD
9791004.0,berth2,1,2022-02-13 09:23:12,2022-02-14 12:46:33,109898.0,Crude/Oil Products Tanker,berth,2,1 days 03:23:21,MONGSTAD
9791004.0,berth2,2,2022-03-01 09:11:39,2022-03-02 08:27:29,109898.0,Crude/Oil Products Tanker,berth,2,0 days 23:15:50,MONGSTAD
9791004.0,berth2,3,2022-06-21 10:54:58,2022-06-22 16:35:20,109898.0,Crude/Oil Products Tanker,berth,2,1 days 05:40:22,MONGSTAD
9334753.0,berth3,1,2022-05-16 00:44:21,2022-05-17 17:17:38,824.0,Tug,berth,3,1 days 16:33:17,MONGSTAD
9334753.0,berth3,2,2022-06-03 06:51:13,2022-06-08 21:27:27,824.0,Tug,berth,3,5 days 14:36:14,MONGSTAD
9334753.0,berth3,3,2022-07-13 21:16:38,2022-07-15 23:13:41,824.0,Tug,berth,3,2 days 01:57:03,MONGSTAD
9334753.0,berth3,4,2022-10-19 10:33:17,2022-10-22 06:06:23,824.0,Tug,berth,3,2 days 19:33:06,MONGSTAD
9334753.0,berth3,5,2022-11-15 12:07:12,2022-11-17 11:34:16,824.0,Tug,berth,3,1 days 23:27:04,MONGSTAD
9676125.0,berth1,1,2022-01-17 15:02:14,2022-01-18 17:43:02,119690.0,Shuttle Tanker,berth,1,1 days 02:40:48,MONGSTAD
9676125.0,berth1,2,2022-07-06 21:49:33,2022-07-08 06:24:43,119690.0,Shuttle Tanker,berth,1,1 days 08:35:10,MONGSTAD
9676125.0,berth1,3,2022-09-23 17:28:07,2022-09-25 06:37:09,119690.0,Shuttle Tanker,berth,1,1 days 13:09:02,MONGSTAD
9724087.0,berth1,1,2022-07-09 16:05:07,2022-07-10 12:22:34,113737.0,Crude Oil Tanker,berth,1,0 days 20:17:27,MONGSTAD
9737383.0,berth1,1,2022-07-08 14:53:27,2022-07-09 11:15:46,112949.0,Crude Oil Tanker,berth,1,0 days 20:22:19,MONGSTAD
9737383.0,berth1,2,2022-08-04 05:04:20,2022-08-05 01:29:15,112949.0,Crude Oil Tanker,berth,1,0 days 20:24:55,MONGSTAD
9737383.0,berth1,3,2022-08-15 22:08:14,2022-08-17 07:28:49,112949.0,Crude Oil Tanker,berth,1,1 days 09:20:35,MONGSTAD
9687502.0,berth2,1,2022-06-03 22:11:27,2022-06-05 17:21:02,29461.0,LPG Tanker,berth,2,1 days 19:09:35,MONGSTAD
9458016.0,berth3,1,2022-02-18 00:20:25,2022-02-19 00:48:55,115618.0,Crude Oil Tanker,berth,3,1 days 00:28:30,MONGSTAD
9889954.0,berth3,1,2022-10-22 06:15:47,2022-10-24 00:42:43,156921.0,Crude Oil Tanker,berth,3,1 days 18:26:56,MONGSTAD
9322267.0,berth1,1,2022-06-07 12:57:51,2022-06-09 14:00:42,306431.0,Crude Oil Tanker,berth,1,2 days 01:02:51,MONGSTAD
9452880.0,berth1,1,2022-09-08 00:50:01,2022-09-09 01:44:03,166164.0,Crude Oil Tanker,berth,1,1 days 00:54:02,MONGSTAD
9762998.0,berth1,1,2022-01-20 18:36:15,2022-01-23 18:00:05,299998.0,Crude Oil Tanker,berth,1,2 days 23:23:50,MONGSTAD
9770816.0,berth3,1,2022-01-03 17:23:54,2022-01-07 21:02:59,576.0,Tug,berth,3,4 days 03:39:05,MONGSTAD
9770816.0,berth3,2,2022-01-14 00:47:58,2022-01-18 19:33:03,576.0,Tug,berth,3,4 days 18:45:05,MONGSTAD
9770816.0,berth3,3,2022-04-08 22:15:49,2022-04-09 22:09:51,576.0,Tug,berth,3,0 days 23:54:02,MONGSTAD
9920497.0,berth3,1,2022-11-14 07:13:16,2022-11-15 11:45:14,112095.0,Crude Oil Tanker,berth,3,1 days 04:31:58,MONGSTAD
9920497.0,berth3,2,2022-12-25 10:04:38,2022-12-26 11:06:06,112095.0,Crude Oil Tanker,berth,3,1 days 01:01:28,MONGSTAD
9422548.0,berth1,1,2022-05-13 08:38:25,2022-05-14 10:45:05,115382.0,Crude/Oil Products Tanker,berth,1,1 days 02:06:40,MONGSTAD
9305556.0,berth2,1,2022-01-08 16:57:56,2022-01-09 16:08:42,117099.0,Crude Oil Tanker,berth,2,0 days 23:10:46,MONGSTAD
9418597.0,berth3,1,2022-10-28 18:26:52,2022-10-29 20:29:50,156493.0,Crude Oil Tanker,berth,3,1 days 02:02:58,MONGSTAD
9457892.0,berth3,1,2022-01-28 11:54:03,2022-01-30 08:15:02,158466.0,Crude Oil Tanker,berth,3,1 days 20:20:59,MONGSTAD
9683049.0,berth3,1,2022-07-24 21:56:06,2022-07-26 06:48:03,109475.0,Crude Oil Tanker,berth,3,1 days 08:51:57,MONGSTAD
9867619.0,berth3,1,2022-03-12 17:53:23,2022-03-13 22:42:28,115521.0,Crude/Oil Products Tanker,berth,3,1 days 04:49:05,MONGSTAD
9273557.0,berth4,1,2022-03-01 13:25:27,2022-03-03 00:53:44,148644.0,Shuttle Tanker,berth,4,1 days 11:28:17,MONGSTAD
9273557.0,berth4,2,2022-11-08 11:12:07,2022-11-09 09:36:16,148644.0,Shuttle Tanker,berth,4,0 days 22:24:09,MONGSTAD
9439395.0,berth4,1,2022-05-23 20:25:51,2022-05-24 23:32:58,108958.0,Crude/Oil Products Tanker,berth,4,1 days 03:07:07,MONGSTAD
9760500.0,berth4,1,2022-06-03 15:05:21,2022-06-04 11:12:42,106359.0,Crude Oil Tanker,berth,4,0 days 20:07:21,MONGSTAD
9513115.0,berth1,1,2022-12-15 16:23:46,2022-12-17 09:11:15,319319.0,Crude Oil Tanker,berth,1,1 days 16:47:29,MONGSTAD
9565950.0,berth1,1,2022-02-18 19:41:17,2022-02-20 03:12:03,157740.0,Crude Oil Tanker,berth,1,1 days 07:30:46,MONGSTAD
9837171.0,berth1,1,2022-01-04 19:59:27,2022-01-05 22:34:59,129734.0,Shuttle Tanker,berth,1,1 days 02:35:32,MONGSTAD
9837171.0,berth1,2,2022-03-27 07:53:25,2022-03-28 07:04:22,129734.0,Shuttle Tanker,berth,1,0 days 23:10:57,MONGSTAD
9837171.0,berth1,3,2022-07-15 08:27:27,2022-07-16 02:20:20,129734.0,Shuttle Tanker,berth,1,0 days 17:52:53,MONGSTAD
9837171.0,berth1,4,2022-08-30 10:15:50,2022-08-31 00:33:52,129734.0,Shuttle Tanker,berth,1,0 days 14:18:02,MONGSTAD
9373656.0,berth3,1,2022-01-12 16:54:53,2022-01-14 00:33:38,116050.0,Crude Oil Tanker,berth,3,1 days 07:38:45,MONGSTAD
9799862.0,berth3,1,2022-03-10 04:46:51,2022-03-11 02:39:22,115711.0,Crude/Oil Products Tanker,berth,3,0 days 21:52:31,MONGSTAD
9863560.0,berth4,1,2022-09-09 10:01:25,2022-09-10 02:28:01,103118.0,Shuttle Tanker,berth,4,0 days 16:26:36,MONGSTAD
9863560.0,berth4,2,2022-10-10 19:37:06,2022-10-11 21:01:14,103118.0,Shuttle Tanker,berth,4,1 days 01:24:08,MONGSTAD
9892444.0,berth4,1,2022-09-24 00:24:59,2022-09-25 08:21:44,112459.0,Crude Oil Tanker,berth,4,1 days 07:56:45,MONGSTAD
9910533.0,berth4,1,2022-10-18 08:21:15,2022-10-19 10:04:43,112066.0,Crude Oil Tanker,berth,4,1 days 01:43:28,MONGSTAD
9910533.0,berth4,2,2022-11-24 22:13:26,2022-11-25 20:40:23,112066.0,Crude Oil Tanker,berth,4,0 days 22:26:57,MONGSTAD
9248447.0,berth1,1,2022-04-23 06:37:26,2022-04-24 11:47:15,148553.0,Shuttle Tanker,berth,1,1 days 05:09:49,MONGSTAD
9248447.0,berth1,2,2022-10-09 18:13:30,2022-10-10 18:43:34,148553.0,Shuttle Tanker,berth,1,1 days 00:30:04,MONGSTAD
9302982.0,berth1,1,2022-05-17 13:03:56,2022-05-18 17:58:49,150205.0,Crude Oil Tanker,berth,1,1 days 04:54:53,MONGSTAD
9472529.0,berth1,1,2022-10-11 05:48:55,2022-10-12 03:24:58,157644.0,Shuttle Tanker,berth,1,0 days 21:36:03,MONGSTAD
9724336.0,berth1,1,2022-09-21 19:11:01,2022-09-23 04:26:34,113611.0,Crude Oil Tanker,berth,1,1 days 09:15:33,MONGSTAD
9334777.0,berth3,1,2022-07-22 16:30:05,2022-07-26 12:45:15,690.0,Tug,berth,3,3 days 20:15:10,MONGSTAD
9334777.0,berth3,2,2022-08-02 08:12:28,2022-08-04 22:06:35,690.0,Tug,berth,3,2 days 13:54:07,MONGSTAD
9334777.0,berth3,3,2022-12-19 10:53:43,2022-12-24 11:35:51,690.0,Tug,berth,3,5 days 00:42:08,MONGSTAD
9315173.0,berth4,1,2022-10-07 13:31:02,2022-10-08 17:10:00,163216.0,Crude Oil Tanker,berth,4,1 days 03:38:58,MONGSTAD
9737400.0,berth1,1,2022-05-05 22:28:18,2022-05-06 20:12:58,113039.0,Crude Oil Tanker,berth,1,0 days 21:44:40,MONGSTAD
9830977.0,berth1,1,2022-01-26 06:44:10,2022-01-28 10:44:21,314014.0,Crude Oil Tanker,berth,1,2 days 04:00:11,MONGSTAD
9737383.0,berth3,1,2022-03-04 13:32:39,2022-03-05 10:43:46,112949.0,Crude Oil Tanker,berth,3,0 days 21:11:07,MONGSTAD
9737383.0,berth3,2,2022-03-11 07:28:32,2022-03-12 13:37:33,112949.0,Crude Oil Tanker,berth,3,1 days 06:09:01,MONGSTAD
9737383.0,berth3,3,2022-03-26 03:08:03,2022-03-27 09:19:07,112949.0,Crude Oil Tanker,berth,3,1 days 06:11:04,MONGSTAD
9737383.0,berth3,4,2022-07-19 00:40:25,2022-07-20 02:16:25,112949.0,Crude Oil Tanker,berth,3,1 days 01:36:00,MONGSTAD
9737383.0,berth3,5,2022-08-24 09:20:12,2022-08-25 10:29:44,112949.0,Crude Oil Tanker,berth,3,1 days 01:09:32,MONGSTAD
9737383.0,berth3,6,2022-10-01 07:09:37,2022-10-02 23:43:27,112949.0,Crude Oil Tanker,berth,3,1 days 16:33:50,MONGSTAD
9737383.0,berth3,7,2022-10-13 00:12:34,2022-10-14 01:42:33,112949.0,Crude Oil Tanker,berth,3,1 days 01:29:59,MONGSTAD
9737383.0,berth3,8,2022-11-28 13:20:24,2022-11-29 10:54:46,112949.0,Crude Oil Tanker,berth,3,0 days 21:34:22,MONGSTAD
9737383.0,berth3,9,2022-12-11 15:07:24,2022-12-12 12:13:17,112949.0,Crude Oil Tanker,berth,3,0 days 21:05:53,MONGSTAD
9776559.0,berth1,1,2022-10-22 23:56:12,2022-10-25 07:55:52,319398.0,Crude Oil Tanker,berth,1,2 days 07:59:40,MONGSTAD
9780251.0,berth1,1,2022-04-25 17:27:28,2022-04-26 20:56:06,109900.0,Crude/Oil Products Tanker,berth,1,1 days 03:28:38,MONGSTAD
9780251.0,berth1,2,2022-08-18 12:27:15,2022-08-19 08:14:59,109900.0,Crude/Oil Products Tanker,berth,1,0 days 19:47:44,MONGSTAD
9814428.0,berth2,1,2022-06-07 23:16:40,2022-06-08 18:56:58,114396.0,Crude/Oil Products Tanker,berth,2,0 days 19:40:18,MONGSTAD
9438860.0,berth3,1,2022-04-07 06:08:43,2022-04-08 02:23:53,109239.0,Shuttle Tanker,berth,3,0 days 20:15:10,MONGSTAD
9703332.0,berth3,1,2022-04-03 20:12:12,2022-04-04 15:03:12,109900.0,Crude/Oil Products Tanker,berth,3,0 days 18:51:00,MONGSTAD
9703332.0,berth3,2,2022-11-15 17:20:43,2022-11-16 12:02:30,109900.0,Crude/Oil Products Tanker,berth,3,0 days 18:41:47,MONGSTAD
9726592.0,berth3,1,2022-11-22 02:38:06,2022-11-23 01:39:30,109900.0,Crude/Oil Products Tanker,berth,3,0 days 23:01:24,MONGSTAD
9889942.0,berth3,1,2022-12-22 22:26:47,2022-12-24 01:05:48,156921.0,Crude Oil Tanker,berth,3,1 days 02:39:01,MONGSTAD
9711456.0,berth4,1,2022-01-02 23:06:02,2022-01-04 13:18:54,113969.0,Crude/Oil Products Tanker,berth,4,1 days 14:12:52,MONGSTAD
9287041.0,berth1,1,2022-03-23 18:52:16,2022-03-24 16:04:59,0.0,Tug,berth,1,0 days 21:12:43,MONGSTAD
9287041.0,berth1,2,2022-06-14 08:14:43,2022-06-15 07:42:39,0.0,Tug,berth,1,0 days 23:27:56,MONGSTAD
9287041.0,berth1,3,2022-07-10 12:00:24,2022-07-15 09:25:50,0.0,Tug,berth,1,4 days 21:25:26,MONGSTAD
9534846.0,berth1,1,2022-08-01 09:38:05,2022-08-03 20:08:06,297085.0,Crude Oil Tanker,berth,1,2 days 10:30:01,MONGSTAD
9422536.0,berth2,1,2022-10-11 13:38:07,2022-10-12 18:08:33,115459.0,Crude Oil Tanker,berth,2,1 days 04:30:26,MONGSTAD
9724075.0,berth2,1,2022-07-03 11:19:12,2022-07-04 12:16:40,113736.0,Crude Oil Tanker,berth,2,1 days 00:57:28,MONGSTAD
9773739.0,berth2,1,2022-01-17 14:16:27,2022-01-18 13:37:45,112186.0,Crude Oil Tanker,berth,2,0 days 23:21:18,MONGSTAD
9818228.0,berth2,1,2022-04-14 22:07:47,2022-04-15 21:33:35,157526.0,Crude Oil Tanker,berth,2,0 days 23:25:48,MONGSTAD
9370848.0,berth3,1,2022-08-26 00:41:29,2022-08-27 02:04:05,107593.0,Crude Oil Tanker,berth,3,1 days 01:22:36,MONGSTAD
9370848.0,berth3,2,2022-09-06 08:56:15,2022-09-07 07:18:38,107593.0,Crude Oil Tanker,berth,3,0 days 22:22:23,MONGSTAD
9837169.0,berth3,1,2022-03-05 12:39:38,2022-03-06 20:28:29,129632.0,Shuttle Tanker,berth,3,1 days 07:48:51,MONGSTAD
9837169.0,berth3,2,2022-03-15 13:14:50,2022-03-16 10:58:32,129632.0,Shuttle Tanker,berth,3,0 days 21:43:42,MONGSTAD
9649225.0,berth4,1,2022-09-19 11:40:44,2022-09-20 07:03:58,111634.0,Shuttle Tanker,berth,4,0 days 19:23:14,MONGSTAD
9624079.0,berth2,1,2022-01-23 18:47:16,2022-01-24 14:25:32,105651.0,Crude Oil Tanker,berth,2,0 days 19:38:16,MONGSTAD
9624079.0,berth2,2,2022-02-05 12:44:11,2022-02-06 16:26:31,105651.0,Crude Oil Tanker,berth,2,1 days 03:42:20,MONGSTAD
9737371.0,berth3,1,2022-02-03 20:00:22,2022-02-05 09:04:19,113651.0,Crude Oil Tanker,berth,3,1 days 13:03:57,MONGSTAD
9892444.0,berth3,1,2022-02-24 08:06:46,2022-02-27 12:07:43,112459.0,Crude Oil Tanker,berth,3,3 days 04:00:57,MONGSTAD
9892444.0,berth3,2,2022-06-19 20:02:26,2022-06-21 00:40:52,112459.0,Crude Oil Tanker,berth,3,1 days 04:38:26,MONGSTAD
9892444.0,berth3,3,2022-08-02 08:07:55,2022-08-03 13:17:04,112459.0,Crude Oil Tanker,berth,3,1 days 05:09:09,MONGSTAD
9892444.0,berth3,4,2022-08-17 11:22:15,2022-08-18 17:36:00,112459.0,Crude Oil Tanker,berth,3,1 days 06:13:45,MONGSTAD
9892444.0,berth3,5,2022-10-11 11:01:33,2022-10-12 13:48:28,112459.0,Crude Oil Tanker,berth,3,1 days 02:46:55,MONGSTAD
9892444.0,berth3,6,2022-11-29 18:16:11,2022-11-30 13:01:32,112459.0,Crude Oil Tanker,berth,3,0 days 18:45:21,MONGSTAD
9892444.0,berth3,7,2022-12-10 13:33:04,2022-12-11 10:41:58,112459.0,Crude Oil Tanker,berth,3,0 days 21:08:54,MONGSTAD
9735361.0,berth1,1,2022-09-30 10:09:03,2022-10-02 06:01:56,302652.0,Crude Oil Tanker,berth,1,1 days 19:52:53,MONGSTAD
9826847.0,berth1,1,2022-03-24 17:02:00,2022-03-26 17:47:06,308121.0,Crude Oil Tanker,berth,1,2 days 00:45:06,MONGSTAD
9826847.0,berth1,2,2022-04-16 22:50:15,2022-04-19 02:41:45,308121.0,Crude Oil Tanker,berth,1,2 days 03:51:30,MONGSTAD
9826847.0,berth1,3,2022-05-07 01:29:26,2022-05-08 21:32:28,308121.0,Crude Oil Tanker,berth,1,1 days 20:03:02,MONGSTAD
9422524.0,berth2,1,2022-05-30 07:12:19,2022-05-31 07:38:22,115502.0,Crude Oil Tanker,berth,2,1 days 00:26:03,MONGSTAD
9457608.0,berth2,1,2022-01-24 18:17:06,2022-01-25 18:27:02,114531.0,Crude Oil Tanker,berth,2,1 days 00:09:56,MONGSTAD
9659103.0,berth2,1,2022-05-14 06:43:27,2022-05-15 10:13:35,28518.0,LPG Tanker,berth,2,1 days 03:30:08,MONGSTAD
9724350.0,berth2,1,2022-02-07 10:44:38,2022-02-08 08:54:04,112939.0,Crude Oil Tanker,berth,2,0 days 22:09:26,MONGSTAD
9818228.0,berth4,1,2022-03-23 06:58:36,2022-03-24 06:26:44,157526.0,Crude Oil Tanker,berth,4,0 days 23:28:08,MONGSTAD
9334753.0,berth1,1,2022-05-09 22:42:35,2022-05-14 10:44:15,824.0,Tug,berth,1,4 days 12:01:40,MONGSTAD
9334753.0,berth1,2,2022-05-25 19:45:00,2022-05-27 14:51:02,824.0,Tug,berth,1,1 days 19:06:02,MONGSTAD
9334753.0,berth1,3,2022-09-23 17:29:22,2022-09-26 15:50:29,824.0,Tug,berth,1,2 days 22:21:07,MONGSTAD
9334753.0,berth1,4,2022-10-26 23:42:31,2022-10-31 10:54:42,824.0,Tug,berth,1,4 days 11:12:11,MONGSTAD
9334753.0,berth1,5,2022-12-17 13:32:21,2022-12-18 18:14:27,824.0,Tug,berth,1,1 days 04:42:06,MONGSTAD
9711456.0,berth1,1,2022-05-09 22:55:43,2022-05-10 22:01:58,113969.0,Crude/Oil Products Tanker,berth,1,0 days 23:06:15,MONGSTAD
9782522.0,berth1,1,2022-01-31 01:00:11,2022-02-02 06:19:16,312328.0,Crude Oil Tanker,berth,1,2 days 05:19:05,MONGSTAD
9724336.0,berth4,1,2022-01-20 17:13:43,2022-01-23 14:30:48,113611.0,Crude Oil Tanker,berth,4,2 days 21:17:05,MONGSTAD
9296389.0,berth1,1,2022-12-02 20:14:25,2022-12-03 22:39:58,149997.0,Crude Oil Tanker,berth,1,1 days 02:25:33,MONGSTAD
9630030.0,berth1,1,2022-04-06 23:09:53,2022-04-07 22:09:24,123166.0,Shuttle Tanker,berth,1,0 days 22:59:31,MONGSTAD
9630030.0,berth1,2,2022-07-27 17:37:37,2022-07-28 19:43:02,123166.0,Shuttle Tanker,berth,1,1 days 02:05:25,MONGSTAD
9630030.0,berth1,3,2022-10-19 04:25:09,2022-10-20 09:15:34,123166.0,Shuttle Tanker,berth,1,1 days 04:50:25,MONGSTAD
9317066.0,berth2,1,2022-11-16 12:10:14,2022-11-21 17:17:58,481.0,Tug,berth,2,5 days 05:07:44,MONGSTAD
9867619.0,berth2,1,2022-03-23 10:48:58,2022-03-24 11:38:45,115521.0,Crude/Oil Products Tanker,berth,2,1 days 00:49:47,MONGSTAD
9829100.0,berth3,1,2022-03-20 01:11:04,2022-03-21 08:18:03,114218.0,Crude/Oil Products Tanker,berth,3,1 days 07:06:59,MONGSTAD
9737371.0,berth4,1,2022-02-11 16:35:41,2022-02-12 21:53:28,113651.0,Crude Oil Tanker,berth,4,1 days 05:17:47,MONGSTAD
9737371.0,berth4,2,2022-05-10 21:40:18,2022-05-12 01:46:26,113651.0,Crude Oil Tanker,berth,4,1 days 04:06:08,MONGSTAD
9832250.0,berth1,1,2022-06-13 03:05:29,2022-06-14 08:29:37,149999.0,Crude Oil Tanker,berth,1,1 days 05:24:08,MONGSTAD
9737395.0,berth3,1,2022-02-12 11:47:06,2022-02-14 01:37:40,113004.0,Crude Oil Tanker,berth,3,1 days 13:50:34,MONGSTAD
9737395.0,berth3,2,2022-04-08 22:24:11,2022-04-09 23:14:24,113004.0,Crude Oil Tanker,berth,3,1 days 00:50:13,MONGSTAD
9724348.0,berth1,1,2022-07-24 13:40:52,2022-07-25 17:17:53,113554.0,Crude Oil Tanker,berth,1,1 days 03:37:01,MONGSTAD
,berth2,1,2022-03-31 21:32:04,2022-04-03 17:27:57,,,berth,2,2 days 19:55:53,MONGSTAD
,berth2,2,2022-07-25 19:40:10,2022-07-29 23:54:14,,,berth,2,4 days 04:14:04,MONGSTAD
,berth2,3,2022-10-11 12:53:03,2022-10-13 13:32:05,,,berth,2,2 days 00:39:02,MONGSTAD
,berth2,4,2022-11-03 13:09:49,2022-11-06 13:48:56,,,berth,2,3 days 00:39:07,MONGSTAD
,berth2,5,2022-12-05 09:35:12,2022-12-07 02:00:08,,,berth,2,1 days 16:24:56,MONGSTAD
9210983.0,berth2,1,2022-03-31 21:46:30,2022-04-01 21:13:31,834.0,Tug,berth,2,0 days 23:27:01,MONGSTAD
9210983.0,berth2,2,2022-07-25 20:19:15,2022-07-29 23:43:23,834.0,Tug,berth,2,4 days 03:24:08,MONGSTAD
9210983.0,berth2,3,2022-08-13 03:16:49,2022-08-14 12:16:51,834.0,Tug,berth,2,1 days 09:00:02,MONGSTAD
9210983.0,berth2,4,2022-10-21 21:49:11,2022-10-22 18:31:13,834.0,Tug,berth,2,0 days 20:42:02,MONGSTAD
9210983.0,berth2,5,2022-11-16 11:59:00,2022-11-21 17:23:12,834.0,Tug,berth,2,5 days 05:24:12,MONGSTAD
9466142.0,berth1,1,2022-10-13 15:32:43,2022-10-14 17:35:08,109335.0,Shuttle Tanker,berth,1,1 days 02:02:25,MONGSTAD
9624079.0,berth1,1,2022-03-18 01:18:56,2022-03-19 01:05:22,105651.0,Crude Oil Tanker,berth,1,0 days 23:46:26,MONGSTAD
9802152.0,berth1,1,2022-04-07 23:14:19,2022-04-08 23:50:57,114720.0,Crude Oil Tanker,berth,1,1 days 00:36:38,MONGSTAD
9802152.0,berth1,2,2022-08-10 22:03:02,2022-08-11 19:19:35,114720.0,Crude Oil Tanker,berth,1,0 days 21:16:33,MONGSTAD
9803285.0,berth1,1,2022-06-17 23:57:30,2022-06-18 23:39:31,156424.0,Crude Oil Tanker,berth,1,0 days 23:42:01,MONGSTAD
9803285.0,berth1,2,2022-12-23 03:31:25,2022-12-24 10:17:59,156424.0,Crude Oil Tanker,berth,1,1 days 06:46:34,MONGSTAD
9837169.0,berth1,1,2022-09-04 18:38:54,2022-09-06 10:35:56,129632.0,Shuttle Tanker,berth,1,1 days 15:57:02,MONGSTAD
9837169.0,berth1,2,2022-10-21 18:12:26,2022-10-22 07:22:07,129632.0,Shuttle Tanker,berth,1,0 days 13:09:41,MONGSTAD
9910246.0,berth1,1,2022-11-01 13:34:44,2022-11-03 17:52:42,299473.0,Crude Oil Tanker,berth,1,2 days 04:17:58,MONGSTAD
9818228.0,berth3,1,2022-10-18 11:40:20,2022-10-19 10:52:27,157526.0,Crude Oil Tanker,berth,3,0 days 23:12:07,MONGSTAD
9779965.0,berth1,1,2022-02-10 14:42:05,2022-02-11 12:30:04,113563.0,Crude Oil Tanker,berth,1,0 days 21:47:59,MONGSTAD
9779965.0,berth1,2,2022-03-13 09:42:23,2022-03-14 10:51:14,113563.0,Crude Oil Tanker,berth,1,1 days 01:08:51,MONGSTAD
9779965.0,berth1,3,2022-04-09 04:39:35,2022-04-10 09:00:39,113563.0,Crude Oil Tanker,berth,1,1 days 04:21:04,MONGSTAD
9779965.0,berth1,4,2022-05-25 19:39:13,2022-05-26 17:17:25,113563.0,Crude Oil Tanker,berth,1,0 days 21:38:12,MONGSTAD
9426207.0,berth2,1,2022-01-05 04:44:34,2022-01-06 00:33:01,114022.0,Crude Oil Tanker,berth,2,0 days 19:48:27,MONGSTAD
9486544.0,berth1,1,2022-09-19 12:25:13,2022-09-21 09:02:42,296951.0,Crude Oil Tanker,berth,1,1 days 20:37:29,MONGSTAD
9770816.0,berth1,1,2022-03-18 01:12:34,2022-03-19 16:21:36,576.0,Tug,berth,1,1 days 15:09:02,MONGSTAD
9770816.0,berth1,2,2022-04-24 13:18:57,2022-04-26 22:30:56,576.0,Tug,berth,1,2 days 09:11:59,MONGSTAD
9819844.0,berth1,1,2022-04-26 21:34:44,2022-04-28 03:36:01,159090.0,Crude Oil Tanker,berth,1,1 days 06:01:17,MONGSTAD
9833101.0,berth1,1,2022-02-03 15:42:54,2022-02-05 09:45:09,128427.0,Shuttle Tanker,berth,1,1 days 18:02:15,MONGSTAD
9833101.0,berth1,2,2022-10-14 19:35:13,2022-10-15 19:39:55,128427.0,Shuttle Tanker,berth,1,1 days 00:04:42,MONGSTAD
9341093.0,berth2,1,2022-02-21 22:55:38,2022-02-22 18:59:49,109716.0,Crude Oil Tanker,berth,2,0 days 20:04:11,MONGSTAD
9696761.0,berth2,1,2022-11-20 22:13:13,2022-11-21 17:04:03,106282.0,Crude Oil Tanker,berth,2,0 days 18:50:50,MONGSTAD
9703320.0,berth3,1,2022-01-01 01:34:51,2022-01-02 00:52:51,109900.0,Crude/Oil Products Tanker,berth,3,0 days 23:18:00,MONGSTAD
9696761.0,berth4,1,2022-12-01 22:39:42,2022-12-02 17:06:48,106282.0,Crude Oil Tanker,berth,4,0 days 18:27:06,MONGSTAD
9795074.0,berth1,1,2022-11-07 04:30:52,2022-11-08 03:42:38,113049.0,Crude Oil Tanker,berth,1,0 days 23:11:46,MONGSTAD
9815604.0,berth1,1,2022-08-09 23:12:53,2022-08-10 20:48:44,114218.0,Crude/Oil Products Tanker,berth,1,0 days 21:35:51,MONGSTAD
9905928.0,berth2,1,2022-12-23 01:33:44,2022-12-24 01:39:29,123602.0,Shuttle Tanker,berth,2,1 days 00:05:45,MONGSTAD
9418602.0,berth3,1,2022-06-11 00:05:14,2022-06-12 21:40:17,156480.0,Crude Oil Tanker,berth,3,1 days 21:35:03,MONGSTAD
9630030.0,berth3,1,2022-02-05 14:12:07,2022-02-06 17:54:09,123166.0,Shuttle Tanker,berth,3,1 days 03:42:02,MONGSTAD
9779965.0,berth4,1,2022-01-14 14:59:16,2022-01-16 06:43:35,113563.0,Crude Oil Tanker,berth,4,1 days 15:44:19,MONGSTAD
9779965.0,berth4,2,2022-01-24 23:37:11,2022-01-26 05:31:21,113563.0,Crude Oil Tanker,berth,4,1 days 05:54:10,MONGSTAD
9779965.0,berth4,3,2022-07-31 12:12:30,2022-08-01 09:15:12,113563.0,Crude Oil Tanker,berth,4,0 days 21:02:42,MONGSTAD
9779965.0,berth4,4,2022-10-03 15:22:34,2022-10-05 05:10:47,113563.0,Crude Oil Tanker,berth,4,1 days 13:48:13,MONGSTAD
9779965.0,berth4,5,2022-10-22 08:28:56,2022-10-23 17:14:23,113563.0,Crude Oil Tanker,berth,4,1 days 08:45:27,MONGSTAD
9779965.0,berth4,6,2022-12-28 14:04:48,2022-12-29 18:22:49,113563.0,Crude Oil Tanker,berth,4,1 days 04:18:01,MONGSTAD
9273557.0,berth1,1,2022-08-08 10:43:43,2022-08-09 07:39:11,148644.0,Shuttle Tanker,berth,1,0 days 20:55:28,MONGSTAD
9273557.0,berth1,2,2022-11-28 19:19:06,2022-11-29 19:52:13,148644.0,Shuttle Tanker,berth,1,1 days 00:33:07,MONGSTAD
9422536.0,berth1,1,2022-02-08 18:34:45,2022-02-10 09:08:09,115459.0,Crude Oil Tanker,berth,1,1 days 14:33:24,MONGSTAD
9890965.0,berth1,1,2022-01-11 13:15:04,2022-01-14 05:19:08,313051.0,Crude Oil Tanker,berth,1,2 days 16:04:04,MONGSTAD
9760500.0,berth2,1,2022-01-30 16:52:43,2022-01-31 15:22:55,106359.0,Crude Oil Tanker,berth,2,0 days 22:30:12,MONGSTAD
9802176.0,berth2,1,2022-07-16 11:43:27,2022-07-17 14:52:25,114560.0,Crude Oil Tanker,berth,2,1 days 03:08:58,MONGSTAD
9422536.0,berth3,1,2022-01-31 17:56:30,2022-02-01 08:32:11,115459.0,Crude Oil Tanker,berth,3,0 days 14:35:41,MONGSTAD
9472529.0,berth3,1,2022-01-07 20:18:15,2022-01-08 22:28:08,157644.0,Shuttle Tanker,berth,3,1 days 02:09:53,MONGSTAD
9472529.0,berth3,2,2022-10-30 04:48:55,2022-10-31 12:11:27,157644.0,Shuttle Tanker,berth,3,1 days 07:22:32,MONGSTAD
9795074.0,berth3,1,2022-11-17 12:05:48,2022-11-18 06:23:56,113049.0,Crude Oil Tanker,berth,3,0 days 18:18:08,MONGSTAD
9865104.0,berth4,1,2022-12-14 01:47:47,2022-12-15 04:34:48,115468.0,Crude/Oil Products Tanker,berth,4,1 days 02:47:01,MONGSTAD
9910533.0,berth1,1,2022-12-18 17:56:54,2022-12-19 10:24:12,112066.0,Crude Oil Tanker,berth,1,0 days 16:27:18,MONGSTAD
9780251.0,berth2,1,2022-02-25 19:20:50,2022-02-27 17:30:53,109900.0,Crude/Oil Products Tanker,berth,2,1 days 22:10:03,MONGSTAD
9865104.0,berth3,1,2022-01-17 11:05:46,2022-01-18 19:28:28,115468.0,Crude/Oil Products Tanker,berth,3,1 days 08:22:42,MONGSTAD
9865104.0,berth3,2,2022-03-14 09:20:18,2022-03-15 06:16:45,115468.0,Crude/Oil Products Tanker,berth,3,0 days 20:56:27,MONGSTAD
9865104.0,berth3,3,2022-07-13 21:18:28,2022-07-14 14:35:53,115468.0,Crude/Oil Products Tanker,berth,3,0 days 17:17:25,MONGSTAD
9865104.0,berth3,4,2022-09-09 06:07:18,2022-09-10 01:53:18,115468.0,Crude/Oil Products Tanker,berth,3,0 days 19:46:00,MONGSTAD
9273064.0,berth4,1,2022-09-01 21:26:36,2022-09-02 20:55:23,148644.0,Shuttle Tanker,berth,4,0 days 23:28:47,MONGSTAD
9273064.0,berth4,2,2022-11-14 11:13:02,2022-11-16 08:41:32,148644.0,Shuttle Tanker,berth,4,1 days 21:28:30,MONGSTAD
9332834.0,berth4,1,2022-03-20 22:21:37,2022-03-21 20:22:29,115577.0,Crude Oil Tanker,berth,4,0 days 22:00:52,MONGSTAD
9783007.0,berth4,1,2022-06-29 14:36:57,2022-06-30 11:05:34,112038.0,Crude Oil Tanker,berth,4,0 days 20:28:37,MONGSTAD
9596997.0,berth3,1,2022-09-04 04:32:11,2022-09-05 03:19:36,105276.0,Crude/Oil Products Tanker,berth,3,0 days 22:47:25,MONGSTAD
9682980.0,berth3,1,2022-06-14 23:08:50,2022-06-15 21:43:52,158277.0,Crude Oil Tanker,berth,3,0 days 22:35:02,MONGSTAD
9791004.0,berth3,1,2022-01-03 17:24:54,2022-01-04 12:24:55,109898.0,Crude/Oil Products Tanker,berth,3,0 days 19:00:01,MONGSTAD
9791004.0,berth3,2,2022-02-02 21:41:40,2022-02-03 19:15:46,109898.0,Crude/Oil Products Tanker,berth,3,0 days 21:34:06,MONGSTAD
9791004.0,berth3,3,2022-08-13 16:35:31,2022-08-14 13:36:00,109898.0,Crude/Oil Products Tanker,berth,3,0 days 21:00:29,MONGSTAD
9282493.0,berth4,1,2022-06-20 19:11:38,2022-06-21 22:54:22,113782.0,Crude Oil Tanker,berth,4,1 days 03:42:44,MONGSTAD
9273064.0,berth1,1,2022-07-16 18:19:43,2022-07-17 18:36:01,148644.0,Shuttle Tanker,berth,1,1 days 00:16:18,MONGSTAD
9273064.0,berth1,2,2022-09-17 22:37:35,2022-09-19 07:19:33,148644.0,Shuttle Tanker,berth,1,1 days 08:41:58,MONGSTAD
9273064.0,berth1,3,2022-10-20 14:03:41,2022-10-21 17:30:12,148644.0,Shuttle Tanker,berth,1,1 days 03:26:31,MONGSTAD
9273064.0,berth1,4,2022-12-10 06:36:23,2022-12-11 16:49:35,148644.0,Shuttle Tanker,berth,1,1 days 10:13:12,MONGSTAD
9466130.0,berth2,1,2022-06-08 22:41:55,2022-06-10 12:02:57,109325.0,Shuttle Tanker,berth,2,1 days 13:21:02,MONGSTAD
9305556.0,berth3,1,2022-08-04 22:10:19,2022-08-06 03:09:16,117099.0,Crude Oil Tanker,berth,3,1 days 04:58:57,MONGSTAD
9305556.0,berth3,2,2022-09-29 11:11:16,2022-09-30 05:21:40,117099.0,Crude Oil Tanker,berth,3,0 days 18:10:24,MONGSTAD
9892432.0,berth3,1,2022-05-04 01:18:28,2022-05-05 06:37:45,112459.0,Crude Oil Tanker,berth,3,1 days 05:19:17,MONGSTAD
9892432.0,berth3,2,2022-05-28 20:50:12,2022-05-29 22:53:38,112459.0,Crude Oil Tanker,berth,3,1 days 02:03:26,MONGSTAD
9630030.0,berth4,1,2022-12-20 11:09:41,2022-12-21 09:32:13,123166.0,Shuttle Tanker,berth,4,0 days 22:22:32,MONGSTAD
9528794.0,berth1,1,2022-02-05 16:14:35,2022-02-08 08:32:51,318130.0,Crude Oil Tanker,berth,1,2 days 16:18:16,MONGSTAD
9470131.0,berth2,1,2022-01-15 01:10:07,2022-01-16 13:14:05,115984.0,Crude Oil Tanker,berth,2,1 days 12:03:58,MONGSTAD
9833101.0,berth3,1,2022-12-13 23:34:29,2022-12-15 17:45:18,128427.0,Shuttle Tanker,berth,3,1 days 18:10:49,MONGSTAD
9334777.0,berth1,1,2022-07-06 21:50:33,2022-07-09 16:53:41,690.0,Tug,berth,1,2 days 19:03:08,MONGSTAD
9466130.0,berth1,1,2022-11-27 14:01:23,2022-11-28 07:28:20,109325.0,Shuttle Tanker,berth,1,0 days 17:26:57,MONGSTAD
9914632.0,berth2,1,2022-07-04 21:46:10,2022-07-05 20:53:12,29649.0,LPG Tanker,berth,2,0 days 23:07:02,MONGSTAD
9273557.0,berth3,1,2022-07-14 21:24:23,2022-07-15 23:08:29,148644.0,Shuttle Tanker,berth,3,1 days 01:44:06,MONGSTAD
9273557.0,berth3,2,2022-10-31 16:42:44,2022-11-01 20:21:52,148644.0,Shuttle Tanker,berth,3,1 days 03:39:08,MONGSTAD
9273557.0,berth3,3,2022-12-09 07:08:25,2022-12-10 07:13:19,148644.0,Shuttle Tanker,berth,3,1 days 00:04:54,MONGSTAD
9724350.0,berth3,1,2022-03-01 12:39:06,2022-03-02 12:29:06,112939.0,Crude Oil Tanker,berth,3,0 days 23:50:00,MONGSTAD
9724350.0,berth3,2,2022-08-12 01:30:21,2022-08-13 11:46:19,112939.0,Crude Oil Tanker,berth,3,1 days 10:15:58,MONGSTAD
9724350.0,berth3,3,2022-08-19 13:29:18,2022-08-20 19:30:25,112939.0,Crude Oil Tanker,berth,3,1 days 06:01:07,MONGSTAD
9724350.0,berth3,4,2022-09-27 06:32:06,2022-09-28 07:27:28,112939.0,Crude Oil Tanker,berth,3,1 days 00:55:22,MONGSTAD
9724350.0,berth3,5,2022-10-06 10:20:57,2022-10-07 10:35:39,112939.0,Crude Oil Tanker,berth,3,1 days 00:14:42,MONGSTAD
9724350.0,berth3,6,2022-10-19 14:42:51,2022-10-20 17:34:18,112939.0,Crude Oil Tanker,berth,3,1 days 02:51:27,MONGSTAD
9724350.0,berth3,7,2022-11-23 11:37:16,2022-11-24 14:14:06,112939.0,Crude Oil Tanker,berth,3,1 days 02:36:50,MONGSTAD
9724350.0,berth3,8,2022-12-19 21:38:40,2022-12-20 17:33:05,112939.0,Crude Oil Tanker,berth,3,0 days 19:54:25,MONGSTAD
9737383.0,berth4,1,2022-04-20 15:31:09,2022-04-21 16:10:10,112949.0,Crude Oil Tanker,berth,4,1 days 00:39:01,MONGSTAD
9737383.0,berth4,2,2022-04-27 22:10:35,2022-04-28 23:22:35,112949.0,Crude Oil Tanker,berth,4,1 days 01:12:00,MONGSTAD
9737383.0,berth4,3,2022-07-28 06:23:30,2022-07-29 07:02:40,112949.0,Crude Oil Tanker,berth,4,1 days 00:39:10,MONGSTAD
9737383.0,berth4,4,2022-09-05 06:06:33,2022-09-06 08:18:32,112949.0,Crude Oil Tanker,berth,4,1 days 02:11:59,MONGSTAD
9737383.0,berth4,5,2022-09-22 09:40:20,2022-09-23 07:25:20,112949.0,Crude Oil Tanker,berth,4,0 days 21:45:00,MONGSTAD
9737383.0,berth4,6,2022-09-30 08:01:42,2022-10-01 04:03:53,112949.0,Crude Oil Tanker,berth,4,0 days 20:02:11,MONGSTAD
9737383.0,berth4,7,2022-10-25 09:07:40,2022-10-26 07:04:40,112949.0,Crude Oil Tanker,berth,4,0 days 21:57:00,MONGSTAD
9691723.0,berth1,1,2022-11-03 23:04:15,2022-11-06 04:19:22,38734.0,Chemical/Products Tanker,berth,1,2 days 05:15:07,MONGSTAD
9438858.0,berth2,1,2022-06-26 08:31:24,2022-06-27 03:51:02,109290.0,Shuttle Tanker,berth,2,0 days 19:19:38,MONGSTAD
9438858.0,berth2,2,2022-08-04 10:10:04,2022-08-05 08:04:22,109290.0,Shuttle Tanker,berth,2,0 days 21:54:18,MONGSTAD
9408762.0,berth3,1,2022-07-09 02:21:58,2022-07-10 02:25:49,109085.0,Crude Oil Tanker,berth,3,1 days 00:03:51,MONGSTAD
9565948.0,berth1,1,2022-02-22 01:31:22,2022-02-23 06:30:26,157648.0,Crude Oil Tanker,berth,1,1 days 04:59:04,MONGSTAD
9565948.0,berth1,2,2022-03-10 23:18:04,2022-03-12 03:21:05,157648.0,Crude Oil Tanker,berth,1,1 days 04:03:01,MONGSTAD
9696553.0,berth1,1,2022-11-16 02:04:43,2022-11-18 07:11:09,38734.0,Chemical/Products Tanker,berth,1,2 days 05:06:26,MONGSTAD
9843924.0,berth1,1,2022-01-24 08:15:36,2022-01-26 03:26:26,129482.0,Shuttle Tanker,berth,1,1 days 19:10:50,MONGSTAD
9737383.0,berth2,1,2022-11-12 09:38:58,2022-11-13 09:30:15,112949.0,Crude Oil Tanker,berth,2,0 days 23:51:17,MONGSTAD
9737383.0,berth2,2,2022-11-19 07:16:46,2022-11-20 04:30:13,112949.0,Crude Oil Tanker,berth,2,0 days 21:13:27,MONGSTAD
9305556.0,berth4,1,2022-05-07 09:41:47,2022-05-08 08:20:57,117099.0,Crude Oil Tanker,berth,4,0 days 22:39:10,MONGSTAD
9305556.0,berth4,2,2022-07-07 05:09:58,2022-07-08 01:32:20,117099.0,Crude Oil Tanker,berth,4,0 days 20:22:22,MONGSTAD
9305556.0,berth4,3,2022-09-08 07:57:48,2022-09-09 05:55:01,117099.0,Crude Oil Tanker,berth,4,0 days 21:57:13,MONGSTAD
9579030.0,berth4,1,2022-07-16 18:50:06,2022-07-18 02:21:50,159236.0,Crude Oil Tanker,berth,4,1 days 07:31:44,MONGSTAD
9485356.0,berth1,1,2022-01-16 15:22:30,2022-01-17 12:22:41,8985.0,Chemical/Products Tanker,berth,1,0 days 21:00:11,MONGSTAD
9485356.0,berth1,2,2022-02-02 07:26:05,2022-02-03 05:50:07,8985.0,Chemical/Products Tanker,berth,1,0 days 22:24:02,MONGSTAD
9485356.0,berth1,3,2022-04-29 21:21:29,2022-04-30 18:54:31,8985.0,Chemical/Products Tanker,berth,1,0 days 21:33:02,MONGSTAD
9485356.0,berth1,4,2022-06-09 21:23:20,2022-06-10 14:17:16,8985.0,Chemical/Products Tanker,berth,1,0 days 16:53:56,MONGSTAD
9485356.0,berth1,5,2022-07-13 05:42:50,2022-07-14 02:54:53,8985.0,Chemical/Products Tanker,berth,1,0 days 21:12:03,MONGSTAD
9485356.0,berth1,6,2022-07-30 18:47:41,2022-08-01 07:43:27,8985.0,Chemical/Products Tanker,berth,1,1 days 12:55:46,MONGSTAD
9485356.0,berth1,7,2022-08-13 02:40:55,2022-08-14 03:28:53,8985.0,Chemical/Products Tanker,berth,1,1 days 00:47:58,MONGSTAD
9485356.0,berth1,8,2022-09-01 14:56:32,2022-09-02 06:26:32,8985.0,Chemical/Products Tanker,berth,1,0 days 15:30:00,MONGSTAD
9485356.0,berth1,9,2022-11-10 07:54:13,2022-11-11 03:09:15,8985.0,Chemical/Products Tanker,berth,1,0 days 19:15:02,MONGSTAD
9681209.0,berth1,1,2022-04-10 13:30:11,2022-04-12 19:45:11,308013.0,Crude Oil Tanker,berth,1,2 days 06:15:00,MONGSTAD
9815616.0,berth1,1,2022-10-07 09:04:30,2022-10-08 05:19:42,114218.0,Crude/Oil Products Tanker,berth,1,0 days 20:15:12,MONGSTAD
9299680.0,berth3,1,2022-01-26 09:03:53,2022-01-28 07:24:45,109841.0,Crude Oil Tanker,berth,3,1 days 22:20:52,MONGSTAD
9436446.0,berth3,1,2022-03-23 13:54:31,2022-03-25 23:27:31,158555.0,Crude Oil Tanker,berth,3,2 days 09:33:00,MONGSTAD
9420643.0,berth1,1,2022-12-17 13:35:12,2022-12-18 16:27:00,107467.0,Crude Oil Tanker,berth,1,1 days 02:51:48,MONGSTAD
9438860.0,berth1,1,2022-11-11 21:02:53,2022-11-12 19:38:38,109239.0,Shuttle Tanker,berth,1,0 days 22:35:45,MONGSTAD
9893022.0,berth1,1,2022-12-14 01:26:12,2022-12-15 10:47:26,113306.0,Crude/Oil Products Tanker,berth,1,1 days 09:21:14,MONGSTAD
9893060.0,berth1,1,2022-07-10 16:54:43,2022-07-11 09:41:40,113306.0,Crude/Oil Products Tanker,berth,1,0 days 16:46:57,MONGSTAD
9783899.0,berth3,1,2022-09-05 07:28:17,2022-09-06 04:34:45,108524.0,Crude Oil Tanker,berth,3,0 days 21:06:28,MONGSTAD
9783899.0,berth3,2,2022-09-18 08:25:30,2022-09-19 14:10:01,108524.0,Crude Oil Tanker,berth,3,1 days 05:44:31,MONGSTAD
9833113.0,berth3,1,2022-01-09 02:46:28,2022-01-10 00:37:47,128427.0,Shuttle Tanker,berth,3,0 days 21:51:19,MONGSTAD
9833113.0,berth3,2,2022-06-02 05:10:44,2022-06-03 06:34:11,128427.0,Shuttle Tanker,berth,3,1 days 01:23:27,MONGSTAD
9833113.0,berth3,3,2022-08-10 05:40:50,2022-08-11 22:02:58,128427.0,Shuttle Tanker,berth,3,1 days 16:22:08,MONGSTAD
9438860.0,berth4,1,2022-07-21 21:39:01,2022-07-22 19:37:38,109239.0,Shuttle Tanker,berth,4,0 days 21:58:37,MONGSTAD
9814428.0,berth4,1,2022-06-14 17:12:34,2022-06-15 14:01:29,114396.0,Crude/Oil Products Tanker,berth,4,0 days 20:48:55,MONGSTAD
9833113.0,berth4,1,2022-12-05 13:30:54,2022-12-06 09:32:05,128427.0,Shuttle Tanker,berth,4,0 days 20:01:11,MONGSTAD
9749556.0,berth1,1,2022-10-17 21:59:41,2022-10-18 16:41:23,113293.0,Crude/Oil Products Tanker,berth,1,0 days 18:41:42,MONGSTAD
9920497.0,berth1,1,2022-11-25 16:19:41,2022-11-26 17:40:25,112095.0,Crude Oil Tanker,berth,1,1 days 01:20:44,MONGSTAD
9920497.0,berth1,2,2022-12-08 18:13:29,2022-12-09 21:52:47,112095.0,Crude Oil Tanker,berth,1,1 days 03:39:18,MONGSTAD
9759800.0,berth2,1,2022-11-15 14:42:48,2022-11-16 11:12:14,114055.0,Crude/Oil Products Tanker,berth,2,0 days 20:29:26,MONGSTAD
9831309.0,berth2,1,2022-03-12 10:01:39,2022-03-13 07:01:28,109995.0,Crude/Oil Products Tanker,berth,2,0 days 20:59:49,MONGSTAD
9724336.0,berth3,1,2022-09-23 22:42:21,2022-09-24 17:29:06,113611.0,Crude Oil Tanker,berth,3,0 days 18:46:45,MONGSTAD
9726580.0,berth1,1,2022-12-01 17:15:34,2022-12-02 14:50:07,109900.0,Crude/Oil Products Tanker,berth,1,0 days 21:34:33,MONGSTAD
9865104.0,berth1,1,2022-03-12 04:05:17,2022-03-13 06:48:46,115468.0,Crude/Oil Products Tanker,berth,1,1 days 02:43:29,MONGSTAD
9865104.0,berth1,2,2022-05-04 15:07:00,2022-05-05 11:30:57,115468.0,Crude/Oil Products Tanker,berth,1,0 days 20:23:57,MONGSTAD
9865104.0,berth1,3,2022-12-07 11:58:55,2022-12-08 13:27:38,115468.0,Crude/Oil Products Tanker,berth,1,1 days 01:28:43,MONGSTAD
9779965.0,berth3,1,2022-04-20 00:07:30,2022-04-21 02:18:35,113563.0,Crude Oil Tanker,berth,3,1 days 02:11:05,MONGSTAD
9779965.0,berth3,2,2022-04-29 23:24:49,2022-04-30 20:23:23,113563.0,Crude Oil Tanker,berth,3,0 days 20:58:34,MONGSTAD
9779965.0,berth3,3,2022-06-07 18:16:12,2022-06-08 21:12:24,113563.0,Crude Oil Tanker,berth,3,1 days 02:56:12,MONGSTAD
9779965.0,berth3,4,2022-07-23 22:34:14,2022-07-24 17:15:10,113563.0,Crude Oil Tanker,berth,3,0 days 18:40:56,MONGSTAD
9779965.0,berth3,5,2022-08-20 23:34:23,2022-08-21 22:39:11,113563.0,Crude Oil Tanker,berth,3,0 days 23:04:48,MONGSTAD
9779965.0,berth3,6,2022-09-10 18:11:25,2022-09-11 21:57:13,113563.0,Crude Oil Tanker,berth,3,1 days 03:45:48,MONGSTAD
9779965.0,berth3,7,2022-09-25 22:11:35,2022-09-26 17:20:50,113563.0,Crude Oil Tanker,berth,3,0 days 19:09:15,MONGSTAD
9779965.0,berth3,8,2022-10-09 09:35:42,2022-10-10 05:09:10,113563.0,Crude Oil Tanker,berth,3,0 days 19:33:28,MONGSTAD
9779965.0,berth3,9,2022-12-03 07:15:13,2022-12-04 06:57:59,113563.0,Crude Oil Tanker,berth,3,0 days 23:42:46,MONGSTAD
9779965.0,berth3,10,2022-12-15 22:05:36,2022-12-17 10:07:21,113563.0,Crude Oil Tanker,berth,3,1 days 12:01:45,MONGSTAD
