imo,type,number,start,end,Deadweight,ShiptypeLevel5,typnum,vessel_class,time_berth,trip_number,wait_time,anchor_start,anchor_number,mean_wait_time3,mean_wait_time6,mean_wait_time12,mean_wait_time24,mean_wait_time48,mean_wait_time72,sum_dwt_lag6,sum_dwt_lag24,total_vessels_anchor_lag6,total_vessels_anchor_lag24,n_Aframax_lag6,n_VLCC_lag6,n_Aframax_lag24,hour_of_day,day_of_week,month_of_year,berth_3_vessel_class,berth_1_vessel_class,berth_2_vessel_class,berth_4_vessel_class,berth_5_vessel_class,berth_3_dwt,berth_1_dwt,berth_2_dwt,berth_4_dwt,berth_5_dwt,berth_3_time,berth_1_time,berth_2_time,berth_4_time,berth_5_time,pred_berth
9722900.0,berth,2,2021-01-03 13:31:37,2021-01-04 19:38:09,299629.0,Crude Oil Tanker,berth2,VLCC,1 days 06:06:32,1.0,0 days 00:00:00,2021-01-03 13:31:37,,,,0 days 00:00:00,0 days 00:00:00,0 days 00:00:00,0 days 00:00:00,0.0,0.0,0,0,0,0,0,13,Sunday,January,No vessel,No vessel,VLCC,No vessel,No vessel,0.0,0.0,299629.0,0.0,0.0,0,0,0 days 00:00:00,0.0,0.0,berth2
9377418.0,berth,4,2021-01-03 19:31:02,2021-01-04 18:25:54,297958.0,Crude Oil Tanker,berth4,VLCC,0 days 22:54:52,1.0,0 days 00:00:00,2021-01-03 19:31:02,,,,,0 days 00:00:00,0 days 00:00:00,0 days 00:00:00,0.0,0.0,0,0,0,0,0,19,Sunday,January,No vessel,No vessel,VLCC,VLCC,No vessel,0.0,0.0,299629.0,297958.0,0.0,0,0,0 days 05:59:25,0 days 00:00:00,0.0,berth2
9722900.0,berth,5,2021-01-04 23:03:34,2021-01-06 12:54:33,299629.0,Crude Oil Tanker,berth5,VLCC,1 days 13:50:59,2.0,0 days 02:36:23,2021-01-04 19:59:00,anchorage6,,0 days 00:00:00,0 days 00:00:00,0 days 00:00:00,0 days 00:00:00,0 days 00:00:00,0.0,0.0,0,0,0,0,0,23,Monday,January,No vessel,No vessel,No vessel,No vessel,VLCC,0.0,0.0,0.0,0.0,299629.0,0,0,0,0,0 days 00:00:00,berth2
9597240.0,berth,2,2021-01-05 02:57:35,2021-01-06 16:38:04,299989.0,Crude Oil Tanker,berth2,VLCC,1 days 13:40:29,1.0,0 days 00:00:00,2021-01-05 02:57:35,,,,0 days 00:00:00,0 days 00:00:00,0 days 00:00:00,0 days 00:00:00,299629.0,0.0,1,0,0,1,0,2,Tuesday,January,No vessel,No vessel,VLCC,No vessel,VLCC,0.0,0.0,299989.0,0.0,299629.0,0,0,0 days 00:00:00,0,0 days 03:54:01,berth2
9858486.0,berth,5,2021-01-11 15:36:40,2021-01-13 07:50:47,299999.0,Crude Oil Tanker,berth5,VLCC,1 days 16:14:07,1.0,0 days 00:00:00,2021-01-11 15:36:40,,0 days 00:00:00,0 days 00:00:00,0 days 00:00:00,0 days 00:00:00,0 days 00:00:00,0 days 00:00:00,0.0,0.0,0,0,0,0,0,15,Monday,January,No vessel,No vessel,No vessel,No vessel,VLCC,0.0,0.0,0.0,0.0,299999.0,0,0,0,0,0 days 00:00:00,berth2
9858486.0,berth,2,2021-01-13 11:25:30,2021-01-14 17:44:52,299999.0,Crude Oil Tanker,berth2,VLCC,1 days 06:19:22,2.0,0 days 00:00:00,2021-01-13 11:25:30,,,0 days 00:00:00,0 days 00:00:00,0 days 00:00:00,0 days 00:00:00,0 days 00:00:00,0.0,0.0,0,0,0,0,0,11,Wednesday,January,No vessel,No vessel,VLCC,No vessel,No vessel,0.0,0.0,299999.0,0.0,0.0,0,0,0 days 00:00:00,0,0,berth2
9858450.0,berth,2,2021-01-18 12:00:54,2021-01-20 01:40:02,299999.0,Crude Oil Tanker,berth2,VLCC,1 days 13:39:08,1.0,0 days 00:00:00,2021-01-18 12:00:54,,,,,,,0 days 00:53:09,0.0,0.0,0,0,0,0,0,12,Monday,January,No vessel,No vessel,VLCC,No vessel,No vessel,0.0,0.0,299999.0,0.0,0.0,0,0,0 days 00:00:00,0,0,berth2
9461764.0,berth,3,2021-01-19 11:43:43,2021-01-20 21:25:31,164715.0,Crude Oil Tanker,berth3,Suezmax,1 days 09:41:48,1.0,0 days 00:00:00,2021-01-19 11:43:43,,,,,,,,0.0,0.0,0,0,0,0,0,11,Tuesday,January,Suezmax,No vessel,VLCC,Aframax,No vessel,164715.0,0.0,299999.0,115711.0,0.0,0 days 00:00:00,0,0 days 23:42:49,0 days 00:49:19,0,berth3
9841615.0,berth,2,2021-01-23 17:22:19,2021-01-24 18:28:22,149995.0,Crude Oil Tanker,berth2,Suezmax,1 days 01:06:03,1.0,0 days 00:00:00,2021-01-23 17:22:19,,,,0 days 00:00:00,0 days 00:00:00,0 days 00:00:00,0 days 00:00:00,0.0,0.0,0,0,0,0,0,17,Saturday,January,No vessel,No vessel,Suezmax,No vessel,No vessel,0.0,0.0,149995.0,0.0,0.0,0,0,0 days 00:00:00,0,0,berth2
9782522.0,berth,2,2021-01-24 23:13:18,2021-01-27 07:18:03,312328.0,Crude Oil Tanker,berth2,VLCC,2 days 08:04:45,1.0,0 days 00:32:15,2021-01-24 19:56:05,anchorage5,,0 days 00:00:00,0 days 00:00:00,0 days 00:00:00,0 days 00:00:00,0 days 00:00:00,0.0,0.0,0,0,0,0,0,23,Sunday,January,No vessel,No vessel,VLCC,Aframax,No vessel,0.0,0.0,312328.0,112939.0,0.0,0,0,0 days 00:00:00,0 days 00:44:38,0,berth2
9731157.0,berth,2,2021-01-27 14:05:52,2021-01-29 11:02:18,299337.0,Crude Oil Tanker,berth2,VLCC,1 days 20:56:26,1.0,0 days 00:00:00,2021-01-27 14:05:52,,,0 days 00:00:00,0 days 00:16:07.500000,0 days 00:16:07.500000,0 days 00:16:07.500000,0 days 00:10:45,0.0,0.0,0,0,0,0,0,14,Wednesday,January,No vessel,Aframax,VLCC,Aframax,No vessel,0.0,109998.0,299337.0,112949.0,0.0,0,1 days 03:37:37,0 days 00:00:00,0 days 01:37:44,0,berth2
9732541.0,berth,2,2021-02-02 07:44:16,2021-02-04 10:02:10,299011.0,Crude Oil Tanker,berth2,VLCC,2 days 02:17:54,1.0,0 days 00:00:00,2021-02-02 07:44:16,,,,,0 days 00:00:00,0 days 00:00:00,0 days 00:00:00,0.0,0.0,0,0,0,0,0,7,Tuesday,February,No vessel,No vessel,VLCC,No vessel,No vessel,0.0,0.0,299011.0,0.0,0.0,0,0,0 days 00:00:00,0,0,berth2
9590876.0,berth,2,2021-02-07 18:52:18,2021-02-09 15:04:18,318123.0,Crude Oil Tanker,berth2,VLCC,1 days 20:12:00,1.0,0 days 00:00:00,2021-02-07 18:52:18,,,,,0 days 00:05:42,0 days 00:02:51,0 days 00:02:51,0.0,0.0,0,0,0,0,0,18,Sunday,February,No vessel,No vessel,VLCC,No vessel,No vessel,0.0,0.0,318123.0,0.0,0.0,0,0,0 days 00:00:00,0,0,berth2
9734111.0,berth,2,2021-02-12 18:05:41,2021-02-14 11:06:57,299999.0,Crude Oil Tanker,berth2,VLCC,1 days 17:01:16,1.0,0 days 00:00:00,2021-02-12 18:05:41,,,,,,0 days 00:19:42.500000,0 days 00:13:08.333333333,0.0,0.0,0,0,0,0,0,18,Friday,February,No vessel,No vessel,VLCC,No vessel,No vessel,0.0,0.0,299999.0,0.0,0.0,0,0,0 days 00:00:00,0,0,berth2
9734111.0,berth,5,2021-02-14 14:46:25,2021-02-15 18:17:45,299999.0,Crude Oil Tanker,berth5,VLCC,1 days 03:31:20,2.0,0 days 00:10:12,2021-02-14 13:55:45,anchorage3,,0 days 00:00:00,0 days 00:00:00,0 days 00:00:00,0 days 00:00:00,0 days 00:00:00,0.0,0.0,0,0,0,0,0,14,Sunday,February,No vessel,Aframax,No vessel,No vessel,VLCC,0.0,112949.0,0.0,0.0,299999.0,0,0 days 13:02:26,0,0,0 days 00:00:00,berth2
9727027.0,berth,2,2021-02-15 15:42:31,2021-02-17 09:44:56,300973.0,Crude Oil Tanker,berth2,VLCC,1 days 18:02:25,1.0,0 days 00:00:00,2021-02-15 15:42:31,,,,0 days 00:00:10,0 days 00:00:10,0 days 00:00:05,0 days 00:00:05,0.0,0.0,0,0,0,0,0,15,Monday,February,No vessel,No vessel,VLCC,No vessel,VLCC,0.0,0.0,300973.0,0.0,299999.0,0,0,0 days 00:00:00,0,1 days 00:56:06,berth2
9847114.0,berth,2,2021-02-19 18:36:48,2021-02-20 21:14:14,149999.0,Crude Oil Tanker,berth2,Suezmax,1 days 02:37:26,1.0,0 days 00:00:00,2021-02-19 18:36:48,,,,,,,0 days 00:00:00,0.0,0.0,0,0,0,0,0,18,Friday,February,Aframax,Aframax,Suezmax,No vessel,No vessel,112922.0,109900.0,149999.0,0.0,0.0,0 days 19:24:54,0 days 19:58:34,0 days 00:00:00,0,0,berth2
9365752.0,berth,2,2021-02-24 10:41:15,2021-02-26 09:03:37,319994.0,Crude Oil Tanker,berth2,VLCC,1 days 22:22:22,1.0,0 days 01:23:51,2021-02-24 08:16:15,anchorage6,,,,,0 days 00:00:00,0 days 00:19:59.666666666,0.0,0.0,0,0,0,0,0,10,Wednesday,February,No vessel,No vessel,VLCC,No vessel,No vessel,0.0,0.0,319994.0,0.0,0.0,0,0,0 days 00:00:00,0,0,berth2
9792266.0,berth,2,2021-03-02 15:41:02,2021-03-04 09:46:15,300852.0,Crude Oil Tanker,berth2,VLCC,1 days 18:05:13,1.0,0 days 00:00:00,2021-03-02 15:41:02,,,,0 days 00:00:00,0 days 00:00:00,0 days 00:00:00,0 days 00:07:03.333333333,0.0,0.0,0,0,0,0,0,15,Tuesday,March,No vessel,Aframax,VLCC,Aframax,No vessel,0.0,109005.0,300852.0,112939.0,0.0,0,1 days 00:34:06,0 days 00:00:00,0 days 05:28:47,0,berth2
9730086.0,berth,2,2021-03-08 01:05:39,2021-03-09 17:05:52,297363.0,Crude Oil Tanker,berth2,VLCC,1 days 16:00:13,1.0,0 days 00:00:00,2021-03-08 01:05:39,,,,0 days 00:00:00,0 days 00:00:00,0 days 00:12:56,0 days 00:08:37.333333333,0.0,0.0,0,0,0,0,0,1,Monday,March,No vessel,Aframax,VLCC,Aframax,No vessel,0.0,115857.0,297363.0,109716.0,0.0,0,0 days 06:05:58,0 days 00:00:00,0 days 02:28:40,0,berth2
9578658.0,berth,3,2021-03-15 07:32:47,2021-03-16 12:56:48,158670.0,Crude Oil Tanker,berth3,Suezmax,1 days 05:24:01,1.0,0 days 00:00:00,2021-03-15 07:32:47,,,,,,0 days 00:00:00,0 days 00:00:00,0.0,0.0,0,0,0,0,0,7,Monday,March,Suezmax,Aframax,No vessel,Aframax,No vessel,158670.0,113737.0,0.0,115857.0,0.0,0 days 00:00:00,0 days 17:30:54,0,0 days 21:41:30,0,berth3
9384617.0,berth,2,2021-03-19 00:00:21,2021-03-22 06:18:30,297168.0,Crude Oil Tanker,berth2,VLCC,3 days 06:18:09,1.0,0 days 00:00:00,2021-03-19 00:00:21,,0 days 00:00:00,0 days 00:00:00,0 days 00:00:00,0 days 00:00:00,0 days 00:00:00,0 days 00:00:00,0.0,0.0,0,0,0,0,0,0,Friday,March,No vessel,No vessel,VLCC,No vessel,No vessel,0.0,0.0,297168.0,0.0,0.0,0,0,0 days 00:00:00,0,0,berth2
9486532.0,berth,2,2021-03-24 07:47:10,2021-03-27 03:26:37,297058.0,Crude Oil Tanker,berth2,VLCC,2 days 19:39:27,1.0,0 days 00:00:00,2021-03-24 07:47:10,,0 days 00:00:00,0 days 00:00:00,0 days 00:05:21,0 days 00:05:21,0 days 00:05:21,0 days 00:02:40.500000,0.0,0.0,0,0,0,0,0,7,Wednesday,March,No vessel,No vessel,VLCC,No vessel,No vessel,0.0,0.0,297058.0,0.0,0.0,0,0,0 days 00:00:00,0,0,berth2
9876414.0,berth,2,2021-03-28 15:28:44,2021-03-30 10:00:23,313433.0,Crude Oil Tanker,berth2,VLCC,1 days 18:31:39,1.0,0 days 00:00:00,2021-03-28 15:28:44,,,,0 days 00:00:00,0 days 00:00:00,0 days 00:00:00,0 days 00:00:00,0.0,0.0,0,0,0,0,0,15,Sunday,March,No vessel,No vessel,VLCC,No vessel,No vessel,0.0,0.0,313433.0,0.0,0.0,0,0,0 days 00:00:00,0,0,berth2
9856074.0,berth,2,2021-04-02 15:47:06,2021-04-06 22:40:53,318744.0,Crude Oil Tanker,berth2,VLCC,4 days 06:53:47,1.0,0 days 00:00:00,2021-04-02 15:47:06,,,,,,,0 days 00:00:35,0.0,0.0,0,0,0,0,0,15,Friday,April,No vessel,No vessel,VLCC,No vessel,No vessel,0.0,0.0,318744.0,0.0,0.0,0,0,0 days 00:00:00,0,0,berth2
9587192.0,berth,2,2021-04-07 03:33:32,2021-04-08 07:44:20,159058.0,Crude/Oil Products Tanker,berth2,Suezmax,1 days 04:10:48,1.0,0 days 00:00:00,2021-04-07 03:33:32,,,0 days 00:00:00,0 days 00:00:00,0 days 00:00:00,0 days 00:00:00,0 days 00:00:00,0.0,0.0,0,0,0,0,0,3,Wednesday,April,No vessel,No vessel,Suezmax,No vessel,No vessel,0.0,0.0,159058.0,0.0,0.0,0,0,0 days 00:00:00,0,0,berth2
9297890.0,berth,2,2021-04-10 19:29:20,2021-04-11 21:04:06,163292.0,Crude Oil Tanker,berth2,Suezmax,1 days 01:34:46,1.0,0 days 00:00:00,2021-04-10 19:29:20,,,,0 days 00:00:00,0 days 00:00:00,0 days 00:00:00,0 days 00:00:00,0.0,109989.0,0,1,0,0,1,19,Saturday,April,No vessel,No vessel,Suezmax,Aframax,No vessel,0.0,0.0,163292.0,109989.0,0.0,0,0,0 days 00:00:00,0 days 21:46:01,0,berth2
9412581.0,berth,2,2021-04-14 17:42:21,2021-04-15 17:44:41,164028.0,Crude Oil Tanker,berth2,Suezmax,1 days 00:02:20,1.0,0 days 00:00:00,2021-04-14 17:42:21,,,0 days 00:00:00,0 days 00:00:00,0 days 00:00:00,0 days 00:00:00,0 days 00:00:00,0.0,0.0,0,0,0,0,0,17,Wednesday,April,No vessel,Aframax,Suezmax,No vessel,No vessel,0.0,114850.0,164028.0,0.0,0.0,0,0 days 10:10:01,0 days 00:00:00,0,0,berth2
9734109.0,berth,2,2021-04-19 11:56:30,2021-04-21 20:06:22,299999.0,Crude Oil Tanker,berth2,VLCC,2 days 08:09:52,1.0,0 days 00:00:00,2021-04-19 11:56:30,,,,0 days 00:00:00,0 days 00:00:00,0 days 00:00:00,0 days 00:00:00,0.0,0.0,0,0,0,0,0,11,Monday,April,No vessel,No vessel,VLCC,No vessel,No vessel,0.0,0.0,299999.0,0.0,0.0,0,0,0 days 00:00:00,0,0,berth2
9762998.0,berth,2,2021-04-22 10:32:43,2021-04-24 08:12:19,299998.0,Crude Oil Tanker,berth2,VLCC,1 days 21:39:36,1.0,0 days 00:00:00,2021-04-22 10:32:43,,,,,0 days 00:00:00,0 days 00:00:00,0 days 00:00:00,0.0,0.0,0,0,0,0,0,10,Thursday,April,No vessel,No vessel,VLCC,No vessel,No vessel,0.0,0.0,299998.0,0.0,0.0,0,0,0 days 00:00:00,0,0,berth2
9594743.0,berth,3,2021-04-29 00:31:19,2021-04-30 01:48:35,158465.0,Crude Oil Tanker,berth3,Suezmax,1 days 01:17:16,1.0,0 days 00:00:00,2021-04-29 00:31:19,,,,0 days 00:00:00,0 days 00:00:00,0 days 00:00:00,0 days 00:00:00,0.0,0.0,0,0,0,0,0,0,Thursday,April,Suezmax,Aframax,No vessel,No vessel,No vessel,158465.0,106246.0,0.0,0.0,0.0,0 days 00:00:00,0 days 03:16:25,0,0,0,berth3
9384198.0,berth,2,2021-05-03 08:49:30,2021-05-05 02:05:52,319427.0,Crude Oil Tanker,berth2,VLCC,1 days 17:16:22,1.0,0 days 00:00:00,2021-05-03 08:49:30,,,,,,,0 days 00:00:15.500000,0.0,0.0,0,0,0,0,0,8,Monday,May,No vessel,Aframax,VLCC,No vessel,No vessel,0.0,107488.0,319427.0,0.0,0.0,0,0 days 11:08:58,0 days 00:00:00,0,0,berth2
9519717.0,berth,2,2021-05-08 04:03:11,2021-05-09 20:16:58,309988.0,Crude Oil Tanker,berth2,VLCC,1 days 16:13:47,1.0,0 days 00:00:00,2021-05-08 04:03:11,,,,,,0 days 00:04:21.500000,0 days 00:02:54.333333333,0.0,0.0,0,0,0,0,0,4,Saturday,May,No vessel,Aframax,VLCC,No vessel,No vessel,0.0,103194.0,309988.0,0.0,0.0,0,0 days 06:28:38,0 days 00:00:00,0,0,berth2
9731169.0,berth,2,2021-05-11 12:43:37,2021-05-13 06:31:16,299507.0,Crude Oil Tanker,berth2,VLCC,1 days 17:47:39,1.0,0 days 00:00:00,2021-05-11 12:43:37,,,,,0 days 00:00:00,0 days 00:00:00,0 days 00:00:00,0.0,0.0,0,0,0,0,0,12,Tuesday,May,No vessel,Aframax,VLCC,No vessel,No vessel,0.0,107505.0,299507.0,0.0,0.0,0,0 days 08:50:50,0 days 00:00:00,0,0,berth2
9411238.0,berth,2,2021-05-15 00:21:23,2021-05-16 04:53:24,158099.0,Crude Oil Tanker,berth2,Suezmax,1 days 04:32:01,1.0,0 days 00:00:00,2021-05-15 00:21:23,,,0 days 00:00:00,0 days 00:00:00,0 days 00:00:00,0 days 00:00:00,0 days 00:00:00,0.0,0.0,0,0,0,0,0,0,Saturday,May,No vessel,No vessel,Suezmax,No vessel,No vessel,0.0,0.0,158099.0,0.0,0.0,0,0,0 days 00:00:00,0,0,berth2
9427639.0,berth,1,2021-05-17 07:28:20,2021-05-18 03:21:30,156827.0,Crude Oil Tanker,berth1,Suezmax,0 days 19:53:10,1.0,0 days 00:00:00,2021-05-17 07:28:20,,,,0 days 00:00:00,0 days 00:00:00,0 days 00:00:00,0 days 00:00:00,0.0,0.0,0,0,0,0,0,7,Monday,May,No vessel,Suezmax,No vessel,No vessel,No vessel,0.0,156827.0,0.0,0.0,0.0,0,0 days 00:00:00,0,0,0,berth3
9783708.0,berth,2,2021-05-19 08:21:03,2021-05-21 03:52:37,298858.0,Crude Oil Tanker,berth2,VLCC,1 days 19:31:34,1.0,0 days 00:00:00,2021-05-19 08:21:03,,,0 days 00:12:00,0 days 00:12:00,0 days 00:12:00,0 days 00:06:00,0 days 00:04:00,0.0,0.0,0,0,0,0,0,8,Wednesday,May,Aframax,No vessel,VLCC,No vessel,No vessel,113004.0,0.0,298858.0,0.0,0.0,0 days 15:49:07,0,0 days 00:00:00,0,0,berth2
9594133.0,berth,3,2021-05-21 22:34:02,2021-05-22 23:43:19,158640.0,Crude Oil Tanker,berth3,Suezmax,1 days 01:09:17,1.0,0 days 00:00:00,2021-05-21 22:34:02,,,,,0 days 00:00:00,0 days 00:00:00,0 days 00:04:00,0.0,0.0,0,0,0,0,0,22,Friday,May,Suezmax,Aframax,No vessel,No vessel,No vessel,158640.0,109900.0,0.0,0.0,0.0,0 days 00:00:00,0 days 11:17:23,0,0,0,berth3
9874911.0,berth,2,2021-05-26 10:52:24,2021-05-28 04:56:08,299420.0,Crude Oil Tanker,berth2,VLCC,1 days 18:03:44,1.0,0 days 00:00:00,2021-05-26 10:52:24,,,,,,0 days 00:00:00,0 days 00:00:00,0.0,0.0,0,0,0,0,0,10,Wednesday,May,No vessel,No vessel,VLCC,No vessel,No vessel,0.0,0.0,299420.0,0.0,0.0,0,0,0 days 00:00:00,0,0,berth2
9823003.0,berth,2,2021-05-29 11:16:06,2021-05-31 05:42:10,317975.0,Crude Oil Tanker,berth2,VLCC,1 days 18:26:04,1.0,0 days 00:00:00,2021-05-29 11:16:06,,,0 days 00:00:00,0 days 00:00:00,0 days 00:00:00,0 days 00:00:00,0 days 00:00:00,0.0,0.0,0,0,0,0,0,11,Saturday,May,No vessel,No vessel,VLCC,No vessel,No vessel,0.0,0.0,317975.0,0.0,0.0,0,0,0 days 00:00:00,0,0,berth2
9818216.0,berth,3,2021-05-31 22:06:03,2021-06-02 03:44:09,157338.0,Crude Oil Tanker,berth3,Suezmax,1 days 05:38:06,1.0,0 days 00:00:00,2021-05-31 22:06:03,,,,0 days 00:00:00,0 days 00:00:00,0 days 00:00:00,0 days 00:00:00,0.0,0.0,0,0,0,0,0,22,Monday,May,Suezmax,No vessel,No vessel,No vessel,No vessel,157338.0,0.0,0.0,0.0,0.0,0 days 00:00:00,0,0,0,0,berth3
9803285.0,berth,3,2021-06-03 15:45:32,2021-06-04 17:22:19,156424.0,Crude Oil Tanker,berth3,Suezmax,1 days 01:36:47,1.0,0 days 00:00:00,2021-06-03 15:45:32,,,,,,0 days 00:00:00,0 days 00:00:00,0.0,0.0,0,0,0,0,0,15,Thursday,June,Suezmax,No vessel,No vessel,No vessel,No vessel,156424.0,0.0,0.0,0.0,0.0,0 days 00:00:00,0,0,0,0,berth2
9594781.0,berth,3,2021-06-07 00:59:12,2021-06-08 02:42:21,158542.0,Crude Oil Tanker,berth3,Suezmax,1 days 01:43:09,1.0,0 days 00:00:00,2021-06-07 00:59:12,,,,,,0 days 00:22:39.500000,0 days 00:15:06.333333333,0.0,0.0,0,0,0,0,0,0,Monday,June,Suezmax,No vessel,No vessel,Aframax,No vessel,158542.0,0.0,0.0,109900.0,0.0,0 days 00:00:00,0,0,0 days 03:27:51,0,berth3
9645425.0,berth,2,2021-06-07 05:51:18,2021-06-08 08:30:44,158888.0,Crude Oil Tanker,berth2,Suezmax,1 days 02:39:26,1.0,0 days 00:00:00,2021-06-07 05:51:18,,,,,,0 days 00:22:39.500000,0 days 00:15:06.333333333,0.0,0.0,0,0,0,0,0,5,Monday,June,Suezmax,No vessel,Suezmax,Aframax,No vessel,158542.0,0.0,158888.0,109900.0,0.0,0 days 04:52:06,0,0 days 00:00:00,0 days 08:19:57,0,berth2
9784013.0,berth,3,2021-06-09 00:38:51,2021-06-10 05:44:45,157162.0,Crude/Oil Products Tanker,berth3,Suezmax,1 days 05:05:54,1.0,0 days 00:00:00,2021-06-09 00:38:51,,,,,0 days 00:00:00,0 days 00:00:00,0 days 00:00:00,0.0,0.0,0,0,0,0,0,0,Wednesday,June,Suezmax,Aframax,No vessel,No vessel,No vessel,157162.0,115459.0,0.0,0.0,0.0,0 days 00:00:00,1 days 00:28:11,0,0,0,berth3
9645425.0,berth,2,2021-06-11 00:08:16,2021-06-12 00:41:00,158888.0,Crude Oil Tanker,berth2,Suezmax,1 days 00:32:44,2.0,0 days 00:00:00,2021-06-11 00:08:16,,,,,0 days 00:00:00,0 days 00:00:00,0 days 00:00:00,0.0,0.0,0,0,0,0,0,0,Friday,June,Aframax,No vessel,Suezmax,No vessel,No vessel,107505.0,0.0,158888.0,0.0,0.0,0 days 10:07:52,0,0 days 00:00:00,0,0,berth2
9325049.0,berth,3,2021-06-12 05:33:43,2021-06-13 11:30:50,158425.0,Crude Oil Tanker,berth3,Suezmax,1 days 05:57:07,1.0,0 days 00:00:00,2021-06-12 05:33:43,,0 days 00:00:00,0 days 00:00:00,0 days 00:00:00,0 days 00:00:00,0 days 00:00:00,0 days 00:00:00,0.0,0.0,0,0,0,0,0,5,Saturday,June,Suezmax,No vessel,Aframax,No vessel,No vessel,158425.0,0.0,109896.0,0.0,0.0,0 days 00:00:00,0,0 days 04:16:00,0,0,berth3
9826847.0,berth,2,2021-06-16 00:08:29,2021-06-18 03:30:26,308121.0,Crude Oil Tanker,berth2,VLCC,2 days 03:21:57,1.0,0 days 00:00:00,2021-06-16 00:08:29,,,0 days 00:00:00,0 days 00:00:00,0 days 00:00:00,0 days 00:13:03.666666666,0 days 00:09:47.750000,0.0,0.0,0,0,0,0,0,0,Wednesday,June,No vessel,Aframax,VLCC,No vessel,No vessel,0.0,111964.0,308121.0,0.0,0.0,0,0 days 02:05:39,0 days 00:00:00,0,0,berth2
9782522.0,berth,2,2021-06-19 07:13:03,2021-06-21 05:11:17,312328.0,Crude Oil Tanker,berth2,VLCC,1 days 21:58:14,2.0,0 days 00:00:00,2021-06-19 07:13:03,,0 days 00:00:00,0 days 00:00:00,0 days 00:00:00,0 days 00:00:00,0 days 00:00:00,0 days 00:00:00,0.0,0.0,0,0,0,0,0,7,Saturday,June,No vessel,No vessel,VLCC,No vessel,No vessel,0.0,0.0,312328.0,0.0,0.0,0,0,0 days 00:00:00,0,0,berth2
9528794.0,berth,2,2021-06-21 10:25:35,2021-06-23 21:07:46,318130.0,Crude Oil Tanker,berth2,VLCC,2 days 10:42:11,1.0,0 days 00:00:00,2021-06-21 10:25:35,,,0 days 00:00:00,0 days 00:00:00,0 days 00:00:00,0 days 00:00:00,0 days 00:00:00,0.0,0.0,0,0,0,0,0,10,Monday,June,No vessel,No vessel,VLCC,No vessel,No vessel,0.0,0.0,318130.0,0.0,0.0,0,0,0 days 00:00:00,0,0,berth2
9858450.0,berth,2,2021-07-03 09:02:34,2021-07-05 03:50:59,299999.0,Crude Oil Tanker,berth2,VLCC,1 days 18:48:25,2.0,0 days 00:00:00,2021-07-03 09:02:34,,,,0 days 00:00:00,0 days 00:00:00,0 days 00:00:00,0 days 00:00:00,0.0,0.0,0,0,0,0,0,9,Saturday,July,No vessel,No vessel,VLCC,No vessel,No vessel,0.0,0.0,299999.0,0.0,0.0,0,0,0 days 00:00:00,0,0,berth2
9858450.0,berth,5,2021-07-05 07:09:35,2021-07-06 08:50:29,299999.0,Crude Oil Tanker,berth5,VLCC,1 days 01:40:54,3.0,0 days 00:00:00,2021-07-05 07:09:35,,,0 days 00:00:00,0 days 00:00:00,0 days 00:00:00,0 days 00:00:00,0 days 00:00:00,0.0,0.0,0,0,0,0,0,7,Monday,July,No vessel,No vessel,No vessel,No vessel,VLCC,0.0,0.0,0.0,0.0,299999.0,0,0,0,0,0 days 00:00:00,berth2
9379208.0,berth,2,2021-07-05 17:04:06,2021-07-06 22:34:06,159021.0,Crude Oil Tanker,berth2,Suezmax,1 days 05:30:00,1.0,0 days 00:00:00,2021-07-05 17:04:06,,,,,0 days 00:00:00,0 days 00:00:00,0 days 00:00:00,0.0,0.0,0,0,0,0,0,17,Monday,July,No vessel,No vessel,Suezmax,No vessel,VLCC,0.0,0.0,159021.0,0.0,299999.0,0,0,0 days 00:00:00,0,0 days 09:54:31,berth3
9399478.0,berth,3,2021-07-06 12:09:38,2021-07-08 00:12:51,157048.0,Crude Oil Tanker,berth3,Suezmax,1 days 12:03:13,1.0,0 days 00:00:00,2021-07-06 12:09:38,,,0 days 00:00:00,0 days 00:00:00,0 days 00:00:00,0 days 00:00:00,0 days 00:00:00,0.0,0.0,0,0,0,0,0,12,Tuesday,July,Suezmax,No vessel,Suezmax,No vessel,No vessel,157048.0,0.0,159021.0,0.0,0.0,0 days 00:00:00,0,0 days 19:05:32,0,0,berth3
9845233.0,berth,2,2021-07-10 23:56:42,2021-07-13 05:11:45,299682.0,Crude Oil Tanker,berth2,VLCC,2 days 05:15:03,1.0,0 days 00:00:00,2021-07-10 23:56:42,,,0 days 00:00:00,0 days 00:00:00,0 days 00:00:00,0 days 00:00:00,0 days 00:00:00,0.0,0.0,0,0,0,0,0,23,Saturday,July,No vessel,No vessel,VLCC,No vessel,No vessel,0.0,0.0,299682.0,0.0,0.0,0,0,0 days 00:00:00,0,0,berth2
9411331.0,berth,3,2021-07-11 06:38:32,2021-07-12 04:26:34,158033.0,Crude Oil Tanker,berth3,Suezmax,0 days 21:48:02,1.0,0 days 00:00:00,2021-07-11 06:38:32,,,,0 days 00:00:00,0 days 00:00:00,0 days 00:00:00,0 days 00:00:00,0.0,0.0,0,0,0,0,0,6,Sunday,July,Suezmax,Aframax,VLCC,No vessel,No vessel,158033.0,106061.0,299682.0,0.0,0.0,0 days 00:00:00,0 days 06:28:58,0 days 06:41:50,0,0,berth2
9390628.0,berth,2,2021-07-15 00:50:10,2021-07-16 01:31:49,159021.0,Crude Oil Tanker,berth2,Suezmax,1 days 00:41:39,1.0,0 days 00:00:00,2021-07-15 00:50:10,,,,,,0 days 00:00:00,0 days 00:00:00,0.0,0.0,0,0,0,0,0,0,Thursday,July,No vessel,Aframax,Suezmax,Aframax,No vessel,0.0,112939.0,159021.0,115338.0,0.0,0,0 days 14:35:07,0 days 00:00:00,0 days 00:31:09,0,berth3
9843302.0,berth,2,2021-07-20 10:52:21,2021-07-22 02:16:23,319702.0,Crude Oil Tanker,berth2,VLCC,1 days 15:24:02,1.0,0 days 00:00:00,2021-07-20 10:52:21,,,,,,,,0.0,0.0,0,0,0,0,0,10,Tuesday,July,No vessel,Aframax,VLCC,No vessel,No vessel,0.0,112179.0,319702.0,0.0,0.0,0,0 days 13:23:29,0 days 00:00:00,0,0,berth2
9745225.0,berth,3,2021-07-20 21:41:29,2021-07-21 23:47:06,158914.0,Crude Oil Tanker,berth3,Suezmax,1 days 02:05:37,1.0,0 days 00:00:00,2021-07-20 21:41:29,,,0 days 00:00:00,0 days 00:00:00,0 days 00:00:00,0 days 00:00:00,0 days 00:00:00,0.0,0.0,0,0,0,0,0,21,Tuesday,July,Suezmax,No vessel,VLCC,No vessel,No vessel,158914.0,0.0,319702.0,0.0,0.0,0 days 00:00:00,0,0 days 10:49:08,0,0,berth3
9427639.0,berth,2,2021-07-24 01:15:55,2021-07-25 03:09:57,156827.0,Crude Oil Tanker,berth2,Suezmax,1 days 01:54:02,2.0,0 days 00:00:58,2021-05-18 03:41:30,anchorage3,,,,,0 days 00:00:00,0 days 00:00:00,0.0,0.0,0,0,0,0,0,1,Saturday,July,No vessel,Aframax,Suezmax,No vessel,No vessel,0.0,109994.0,156827.0,0.0,0.0,0,0 days 11:18:27,0 days 00:00:00,0,0,berth3
9845697.0,berth,2,2021-07-26 18:27:08,2021-07-28 23:51:45,318744.0,Crude Oil Tanker,berth2,VLCC,2 days 05:24:37,1.0,0 days 00:00:00,2021-07-26 18:27:08,,,0 days 00:00:00,0 days 00:00:00,0 days 00:00:00,0 days 00:00:19.333333333,0 days 00:25:59.750000,0.0,0.0,0,0,0,0,0,18,Monday,July,No vessel,No vessel,VLCC,No vessel,No vessel,0.0,0.0,318744.0,0.0,0.0,0,0,0 days 00:00:00,0,0,berth2
9762986.0,berth,2,2021-07-31 09:05:36,2021-08-02 04:08:00,299985.0,Crude Oil Tanker,berth2,VLCC,1 days 19:02:24,1.0,0 days 00:00:00,2021-07-31 09:05:36,,,,0 days 00:00:00,0 days 00:00:00,0 days 00:00:00,0 days 00:00:00,0.0,0.0,0,0,0,0,0,9,Saturday,July,Aframax,Aframax,VLCC,Aframax,No vessel,110769.0,115940.0,299985.0,109898.0,0.0,0 days 12:48:23,0 days 11:09:24,0 days 00:00:00,0 days 23:20:04,0,berth2
9772113.0,berth,2,2021-08-08 00:43:47,2021-08-09 02:11:50,158902.0,Crude Oil Tanker,berth2,Suezmax,1 days 01:28:03,1.0,0 days 00:00:00,2021-08-08 00:43:47,,,,,0 days 00:00:00,0 days 00:00:00,0 days 00:00:00,0.0,0.0,0,0,0,0,0,0,Sunday,August,No vessel,Aframax,Suezmax,No vessel,No vessel,0.0,114560.0,158902.0,0.0,0.0,0,1 days 00:08:31,0 days 00:00:00,0,0,berth2
9440382.0,berth,2,2021-08-12 21:56:40,2021-08-14 03:13:01,158007.0,Crude Oil Tanker,berth2,Suezmax,1 days 05:16:21,1.0,0 days 00:00:00,2021-08-12 21:56:40,,,,,0 days 00:00:00,0 days 00:00:00,0 days 00:00:00,0.0,0.0,0,0,0,0,0,21,Thursday,August,No vessel,No vessel,Suezmax,No vessel,No vessel,0.0,0.0,158007.0,0.0,0.0,0,0,0 days 00:00:00,0,0,berth2
9438418.0,berth,3,2021-08-13 04:36:46,2021-08-14 08:27:25,158475.0,Crude Oil Tanker,berth3,Suezmax,1 days 03:50:39,1.0,0 days 00:00:00,2021-08-13 04:36:46,,,,,,0 days 00:00:00,0 days 00:00:00,0.0,0.0,0,0,0,0,0,4,Friday,August,Suezmax,Aframax,Suezmax,No vessel,No vessel,158475.0,115949.0,158007.0,0.0,0.0,0 days 00:00:00,0 days 06:29:02,0 days 06:40:06,0,0,berth3
9728710.0,berth,2,2021-08-15 17:13:25,2021-08-17 17:38:02,298991.0,Crude Oil Tanker,berth2,VLCC,2 days 00:24:37,1.0,0 days 00:00:00,2021-08-15 17:13:25,,,,,,0 days 00:00:00,0 days 00:00:00,0.0,0.0,0,0,0,0,0,17,Sunday,August,Aframax,No vessel,VLCC,No vessel,No vessel,109475.0,0.0,298991.0,0.0,0.0,0 days 12:49:09,0,0 days 00:00:00,0,0,berth2
9418597.0,berth,2,2021-08-19 00:41:22,2021-08-20 01:53:29,156493.0,Crude Oil Tanker,berth2,Suezmax,1 days 01:12:07,1.0,0 days 00:00:00,2021-08-19 00:41:22,,,,,0 days 00:00:00,0 days 00:00:00,0 days 00:02:13.750000,0.0,0.0,0,0,0,0,0,0,Thursday,August,Handysize,Aframax,Suezmax,No vessel,No vessel,37961.0,113039.0,156493.0,0.0,0.0,2 days 08:55:41,0 days 03:05:48,0 days 00:00:00,0,0,berth3
9438418.0,berth,2,2021-08-24 22:25:14,2021-08-25 21:43:47,158475.0,Crude Oil Tanker,berth2,Suezmax,0 days 23:18:33,2.0,0 days 00:00:00,2021-08-24 22:25:14,,,0 days 00:00:00,0 days 00:00:00,0 days 00:00:00,0 days 00:00:00,0 days 00:00:00,0.0,0.0,0,0,0,0,0,22,Tuesday,August,No vessel,Aframax,Suezmax,No vessel,No vessel,0.0,113736.0,158475.0,0.0,0.0,0,0 days 00:30:02,0 days 00:00:00,0,0,berth3
9411226.0,berth,3,2021-08-26 17:34:27,2021-08-27 18:58:14,158143.0,Crude Oil Tanker,berth3,Suezmax,1 days 01:23:47,1.0,0 days 00:00:00,2021-08-26 17:34:27,,,0 days 00:00:00,0 days 00:00:00,0 days 00:03:23.666666666,0 days 00:02:32.750000,0 days 00:02:32.750000,0.0,0.0,0,0,0,0,0,17,Thursday,August,Suezmax,Aframax,No vessel,No vessel,No vessel,158143.0,115639.0,0.0,0.0,0.0,0 days 00:00:00,0 days 15:38:31,0,0,0,berth3
9734109.0,berth,2,2021-08-28 16:03:04,2021-08-30 10:07:59,299999.0,Crude Oil Tanker,berth2,VLCC,1 days 18:04:55,2.0,0 days 00:00:00,2021-08-28 16:03:04,,,,,0 days 00:00:00,0 days 00:00:00,0 days 00:02:02.200000,0.0,0.0,0,0,0,0,0,16,Saturday,August,No vessel,No vessel,VLCC,No vessel,No vessel,0.0,0.0,299999.0,0.0,0.0,0,0,0 days 00:00:00,0,0,berth2
9818228.0,berth,3,2021-09-05 23:45:16,2021-09-07 03:03:04,157526.0,Crude Oil Tanker,berth3,Suezmax,1 days 03:17:48,1.0,0 days 00:00:00,2021-09-05 23:45:16,,,,,0 days 00:00:00,0 days 00:00:00,0 days 00:00:00,0.0,0.0,0,0,0,0,0,23,Sunday,September,Suezmax,No vessel,Handysize,No vessel,No vessel,157526.0,0.0,49834.0,0.0,0.0,0 days 00:00:00,0,1 days 12:49:30,0,0,berth2
9567702.0,berth,2,2021-09-10 10:03:11,2021-09-11 11:31:52,157539.0,Crude Oil Tanker,berth2,Suezmax,1 days 01:28:41,1.0,0 days 00:00:00,2021-09-10 10:03:11,,,0 days 00:00:00,0 days 00:00:00,0 days 00:00:00,0 days 00:00:00,0 days 00:00:00,0.0,0.0,0,0,0,0,0,10,Friday,September,No vessel,No vessel,Suezmax,No vessel,No vessel,0.0,0.0,157539.0,0.0,0.0,0,0,0 days 00:00:00,0,0,berth2
9318539.0,berth,3,2021-09-11 09:31:46,2021-09-12 10:11:14,166188.0,Crude Oil Tanker,berth3,Suezmax,1 days 00:39:28,1.0,0 days 00:00:00,2021-09-11 09:31:46,,,,,,0 days 00:00:00,0 days 00:00:00,0.0,0.0,0,0,0,0,0,9,Saturday,September,Suezmax,Aframax,Suezmax,No vessel,No vessel,166188.0,107481.0,157539.0,0.0,0.0,0 days 00:00:00,0 days 11:50:46,0 days 23:28:35,0,0,berth3
9589750.0,berth,3,2021-09-12 11:31:20,2021-09-13 17:15:56,158671.0,Crude Oil Tanker,berth3,Suezmax,1 days 05:44:36,1.0,0 days 00:00:00,2021-09-12 11:31:20,,0 days 00:00:00,0 days 00:00:00,0 days 00:00:00,0 days 00:00:00,0 days 00:00:00,0 days 00:00:00,0.0,0.0,0,0,0,0,0,11,Sunday,September,Suezmax,Aframax,No vessel,No vessel,No vessel,158671.0,106246.0,0.0,0.0,0.0,0 days 00:00:00,0 days 00:33:04,0,0,0,berth3
9404833.0,berth,2,2021-09-17 06:54:16,2021-09-18 06:44:13,159955.0,Crude Oil Tanker,berth2,Suezmax,0 days 23:49:57,1.0,0 days 00:00:00,2021-09-17 06:54:16,,,,,,0 days 00:00:00,0 days 00:00:00,0.0,0.0,0,0,0,0,0,6,Friday,September,No vessel,No vessel,Suezmax,No vessel,No vessel,0.0,0.0,159955.0,0.0,0.0,0,0,0 days 00:00:00,0,0,berth3
9408073.0,berth,2,2021-09-19 10:28:39,2021-09-20 13:03:05,156929.0,Crude Oil Tanker,berth2,Suezmax,1 days 02:34:26,1.0,0 days 00:00:00,2021-09-19 10:28:39,,0 days 00:00:00,0 days 00:00:00,0 days 00:00:00,0 days 00:00:00,0 days 00:00:00,0 days 00:00:00,0.0,0.0,0,0,0,0,0,10,Sunday,September,No vessel,No vessel,Suezmax,No vessel,No vessel,0.0,0.0,156929.0,0.0,0.0,0,0,0 days 00:00:00,0,0,berth3
9679593.0,berth,2,2021-09-21 04:29:14,2021-09-23 15:18:36,318513.0,Crude Oil Tanker,berth2,VLCC,2 days 10:49:22,1.0,0 days 00:00:00,2021-09-21 04:29:14,,,,,0 days 00:00:00,0 days 00:00:00,0 days 00:00:00,0.0,0.0,0,0,0,0,0,4,Tuesday,September,Aframax,Aframax,VLCC,No vessel,No vessel,103622.0,115940.0,318513.0,0.0,0.0,0 days 03:46:42,1 days 06:51:00,0 days 00:00:00,0,0,berth2
9762998.0,berth,2,2021-09-26 01:02:26,2021-09-27 22:16:17,299998.0,Crude Oil Tanker,berth2,VLCC,1 days 21:13:51,2.0,0 days 00:00:00,2021-09-26 01:02:26,,,,,,,0 days 00:00:00,0.0,0.0,0,0,0,0,0,1,Sunday,September,Aframax,Aframax,VLCC,Aframax,No vessel,103194.0,107481.0,299998.0,109898.0,0.0,0 days 08:40:01,0 days 01:00:15,0 days 00:00:00,0 days 17:51:09,0,berth2
9783693.0,berth,2,2021-09-28 20:58:38,2021-09-30 23:40:37,298705.0,Crude Oil Tanker,berth2,VLCC,2 days 02:41:59,1.0,0 days 00:00:00,2021-09-28 20:58:38,,,,,0 days 00:00:00,0 days 00:01:02.666666666,0 days 00:00:37.600000,0.0,0.0,0,0,0,0,0,20,Tuesday,September,Aframax,No vessel,VLCC,No vessel,No vessel,111107.0,0.0,298705.0,0.0,0.0,1 days 01:06:08,0,0 days 00:00:00,0,0,berth2
9733947.0,berth,2,2021-10-03 00:52:19,2021-10-04 19:47:13,299629.0,Crude Oil Tanker,berth2,VLCC,1 days 18:54:54,1.0,0 days 00:00:00,2021-10-03 00:52:19,,,,0 days 00:05:49,0 days 00:05:49,0 days 00:05:49,0 days 00:01:56.333333333,0.0,0.0,0,0,0,0,0,0,Sunday,October,Aframax,No vessel,VLCC,No vessel,No vessel,109987.0,0.0,299629.0,0.0,0.0,0 days 09:52:43,0,0 days 00:00:00,0,0,berth2
9404833.0,berth,3,2021-10-13 00:56:07,2021-10-14 03:19:20,159955.0,Crude Oil Tanker,berth3,Suezmax,1 days 02:23:13,2.0,0 days 00:00:00,2021-10-13 00:56:07,,,,0 days 00:00:00,0 days 00:00:00,0 days 00:00:00,0 days 00:00:00,0.0,0.0,0,0,0,0,0,0,Wednesday,October,Suezmax,No vessel,No vessel,No vessel,No vessel,159955.0,0.0,0.0,0.0,0.0,0 days 00:00:00,0,0,0,0,berth3
9528794.0,berth,2,2021-10-14 00:56:27,2021-10-15 21:15:06,318130.0,Crude Oil Tanker,berth2,VLCC,1 days 20:18:39,2.0,0 days 00:00:00,2021-10-14 00:56:27,,,,,,0 days 00:00:00,0 days 00:00:00,0.0,0.0,0,0,0,0,0,0,Thursday,October,Suezmax,No vessel,VLCC,Aframax,No vessel,159955.0,0.0,318130.0,114022.0,0.0,1 days 00:00:20,0,0 days 00:00:00,0 days 01:52:09,0,berth2
9782522.0,berth,2,2021-10-23 19:59:03,2021-10-25 16:58:16,312328.0,Crude Oil Tanker,berth2,VLCC,1 days 20:59:13,3.0,0 days 00:00:00,2021-10-23 19:59:03,,0 days 00:00:00,0 days 00:00:00,0 days 00:00:00,0 days 00:00:00,0 days 00:00:00,0 days 00:29:37.600000,0.0,0.0,0,0,0,0,0,19,Saturday,October,No vessel,No vessel,VLCC,No vessel,No vessel,0.0,0.0,312328.0,0.0,0.0,0,0,0 days 00:00:00,0,0,berth2
9727223.0,berth,2,2021-10-29 13:05:48,2021-10-31 11:18:13,308285.0,Crude Oil Tanker,berth2,VLCC,1 days 22:12:25,1.0,0 days 00:00:00,2021-10-29 13:05:48,,,0 days 00:00:00,0 days 00:00:00,0 days 00:00:00,0 days 00:00:00,0 days 00:01:30.250000,0.0,0.0,0,0,0,0,0,13,Friday,October,No vessel,No vessel,VLCC,No vessel,No vessel,0.0,0.0,308285.0,0.0,0.0,0,0,0 days 00:00:00,0,0,berth2
9830965.0,berth,2,2021-10-31 16:30:37,2021-11-02 15:16:13,314014.0,Crude Oil Tanker,berth2,VLCC,1 days 22:45:36,1.0,0 days 00:00:00,2021-10-31 16:30:37,,,0 days 00:00:00,0 days 00:00:00,0 days 00:00:00,0 days 00:00:00,0 days 00:00:00,0.0,0.0,0,0,0,0,0,16,Sunday,October,No vessel,Aframax,VLCC,No vessel,No vessel,0.0,114720.0,314014.0,0.0,0.0,0,0 days 02:41:05,0 days 00:00:00,0,0,berth2
9578646.0,berth,3,2021-11-03 05:21:42,2021-11-04 05:31:04,158650.0,Crude Oil Tanker,berth3,Suezmax,1 days 00:09:22,1.0,0 days 00:00:00,2021-11-03 05:21:42,,,,,0 days 00:00:00,0 days 00:05:35,0 days 00:02:47.500000,0.0,0.0,0,0,0,0,0,5,Wednesday,November,Suezmax,Aframax,No vessel,No vessel,No vessel,158650.0,112949.0,0.0,0.0,0.0,0 days 00:00:00,0 days 19:57:32,0,0,0,berth3
9803285.0,berth,2,2021-11-06 23:33:55,2021-11-07 22:42:21,156424.0,Crude Oil Tanker,berth2,Suezmax,0 days 23:08:26,2.0,0 days 00:00:00,2021-11-06 23:33:55,,0 days 00:00:00,0 days 00:00:00,0 days 00:00:00,0 days 00:00:00,0 days 00:00:00,0 days 00:00:00,0.0,0.0,0,0,0,0,0,23,Saturday,November,Aframax,No vessel,Suezmax,No vessel,No vessel,109987.0,0.0,156424.0,0.0,0.0,1 days 13:10:17,0,0 days 00:00:00,0,0,berth2
9427641.0,berth,2,2021-11-07 23:11:48,2021-11-09 06:54:27,149999.0,Crude Oil Tanker,berth2,Suezmax,1 days 07:42:39,1.0,0 days 00:00:00,2021-11-07 23:11:48,,0 days 00:00:00,0 days 00:00:00,0 days 00:00:00,0 days 00:00:00,0 days 00:00:00,0 days 00:00:00,0.0,0.0,0,0,0,0,0,23,Sunday,November,No vessel,Aframax,Suezmax,No vessel,No vessel,0.0,105342.0,149999.0,0.0,0.0,0,0 days 13:44:01,0 days 00:00:00,0,0,berth2
9874258.0,berth,2,2021-11-09 10:24:08,2021-11-10 11:41:14,158060.0,Crude Oil Tanker,berth2,Suezmax,1 days 01:17:06,1.0,0 days 00:00:00,2021-11-09 10:24:08,,,0 days 00:00:00,0 days 00:00:00,0 days 00:00:00,0 days 00:00:00,0 days 00:00:00,0.0,0.0,0,0,0,0,0,10,Tuesday,November,No vessel,No vessel,Suezmax,Aframax,No vessel,0.0,0.0,158060.0,112949.0,0.0,0,0,0 days 00:00:00,0 days 01:11:37,0,berth2
9588146.0,berth,3,2021-11-16 15:18:56,2021-11-17 21:30:39,160095.0,Crude Oil Tanker,berth3,Suezmax,1 days 06:11:43,1.0,0 days 00:00:00,2021-11-16 15:18:56,,,,,,0 days 00:20:20,0 days 00:20:20,0.0,0.0,0,0,0,0,0,15,Tuesday,November,Suezmax,No vessel,No vessel,No vessel,No vessel,160095.0,0.0,0.0,0.0,0.0,0 days 00:00:00,0,0,0,0,berth3
9858450.0,berth,2,2021-11-19 09:44:39,2021-11-21 16:47:03,299999.0,Crude Oil Tanker,berth2,VLCC,2 days 07:02:24,4.0,0 days 00:00:00,2021-11-19 09:44:39,,,,,,0 days 00:00:00,0 days 00:00:00,0.0,0.0,0,0,0,0,0,9,Friday,November,Aframax,No vessel,VLCC,No vessel,No vessel,113563.0,0.0,299999.0,0.0,0.0,0 days 11:40:12,0,0 days 00:00:00,0,0,berth2
9845697.0,berth,2,2021-11-23 13:43:15,2021-11-25 11:25:18,318744.0,Crude Oil Tanker,berth2,VLCC,1 days 21:42:03,2.0,0 days 00:00:00,2021-11-23 13:43:15,,,,,0 days 00:00:00,0 days 00:00:00,0 days 00:00:00,0.0,0.0,0,0,0,0,0,13,Tuesday,November,No vessel,Aframax,VLCC,Aframax,No vessel,0.0,113563.0,318744.0,109994.0,0.0,0,0 days 13:12:55,0 days 00:00:00,0 days 22:55:17,0,berth2
9823003.0,berth,2,2021-11-26 17:41:10,2021-11-28 20:52:50,317975.0,Crude Oil Tanker,berth2,VLCC,2 days 03:11:40,2.0,0 days 00:00:00,2021-11-26 17:41:10,,,,,,0 days 00:00:00,0 days 00:00:00,0.0,0.0,0,0,0,0,0,17,Friday,November,No vessel,Aframax,VLCC,No vessel,No vessel,0.0,114022.0,317975.0,0.0,0.0,0,0 days 12:08:16,0 days 00:00:00,0,0,berth2
9858474.0,berth,2,2021-12-02 02:33:03,2021-12-03 13:56:37,299999.0,Crude Oil Tanker,berth2,VLCC,1 days 11:23:34,1.0,0 days 00:00:00,2021-12-02 02:33:03,,0 days 00:00:00,0 days 00:00:00,0 days 00:00:00,0 days 00:00:00,0 days 00:00:00,0 days 00:00:00,0.0,0.0,0,0,0,0,0,2,Thursday,December,No vessel,No vessel,VLCC,Aframax,No vessel,0.0,0.0,299999.0,113306.0,0.0,0,0,0 days 00:00:00,0 days 16:34:31,0,berth2
9818228.0,berth,3,2021-12-07 05:44:43,2021-12-08 09:55:54,157526.0,Crude Oil Tanker,berth3,Suezmax,1 days 04:11:11,2.0,0 days 00:00:00,2021-12-07 05:44:43,,,,0 days 00:00:00,0 days 00:00:00,0 days 00:00:00,0 days 00:00:00,0.0,0.0,0,0,0,0,0,5,Tuesday,December,Suezmax,No vessel,No vessel,No vessel,No vessel,157526.0,0.0,0.0,0.0,0.0,0 days 00:00:00,0,0,0,0,berth2
9593438.0,berth,3,2021-12-09 23:04:24,2021-12-11 00:57:08,159056.0,Crude Oil Tanker,berth3,Suezmax,1 days 01:52:44,1.0,0 days 00:00:00,2021-12-09 23:04:24,,,,,,0 days 00:00:00,0 days 00:00:00,0.0,0.0,0,0,0,0,0,23,Thursday,December,Suezmax,No vessel,Handysize,No vessel,No vessel,159056.0,0.0,36207.0,0.0,0.0,0 days 00:00:00,0,1 days 16:05:40,0,0,berth2
9290335.0,berth,2,2021-12-12 02:30:11,2021-12-13 03:57:29,159081.0,Crude Oil Tanker,berth2,Suezmax,1 days 01:27:18,1.0,0 days 00:00:00,2021-12-12 02:30:11,,,,0 days 00:00:00,0 days 00:00:00,0 days 00:00:00,0 days 00:00:00,0.0,0.0,0,0,0,0,0,2,Sunday,December,No vessel,No vessel,Suezmax,No vessel,No vessel,0.0,0.0,159081.0,0.0,0.0,0,0,0 days 00:00:00,0,0,berth2
9412581.0,berth,3,2021-12-18 08:40:39,2021-12-19 16:58:01,164028.0,Crude Oil Tanker,berth3,Suezmax,1 days 08:17:22,2.0,0 days 00:00:00,2021-12-18 08:40:39,,,0 days 00:00:00,0 days 00:00:00,0 days 00:00:00,0 days 00:00:00,0 days 00:00:00,0.0,0.0,0,0,0,0,0,8,Saturday,December,Suezmax,No vessel,No vessel,Aframax,No vessel,164028.0,0.0,0.0,113611.0,0.0,0 days 00:00:00,0,0,2 days 21:50:22,0,berth2
9870812.0,berth,2,2021-12-18 12:38:40,2021-12-20 20:38:28,299997.0,Crude Oil Tanker,berth2,VLCC,2 days 07:59:48,1.0,0 days 00:00:00,2021-12-18 12:38:40,,0 days 00:00:00,0 days 00:00:00,0 days 00:00:00,0 days 00:00:00,0 days 00:00:00,0 days 00:00:00,0.0,0.0,0,0,0,0,0,12,Saturday,December,Suezmax,Aframax,VLCC,No vessel,No vessel,164028.0,112939.0,299997.0,0.0,0.0,0 days 03:58:01,0 days 03:34:03,0 days 00:00:00,0,0,berth2
9731157.0,berth,2,2021-12-22 13:55:07,2021-12-24 07:57:45,299337.0,Crude Oil Tanker,berth2,VLCC,1 days 18:02:38,2.0,0 days 00:00:00,2021-12-22 13:55:07,,,,0 days 00:00:00,0 days 00:00:00,0 days 00:00:00,0 days 00:00:00,0.0,0.0,0,0,0,0,0,13,Wednesday,December,Handysize,No vessel,VLCC,No vessel,No vessel,39067.0,0.0,299337.0,0.0,0.0,0 days 06:19:09,0,0 days 00:00:00,0,0,berth2
9418602.0,berth,3,2021-12-29 15:27:46,2021-12-30 23:55:36,156480.0,Crude Oil Tanker,berth3,Suezmax,1 days 08:27:50,1.0,0 days 00:00:00,2021-12-29 15:27:46,,,,,,0 days 00:00:00,0 days 00:00:00,0.0,0.0,0,0,0,0,0,15,Wednesday,December,Suezmax,Aframax,No vessel,No vessel,No vessel,156480.0,113049.0,0.0,0.0,0.0,0 days 00:00:00,0 days 14:22:19,0,0,0,berth3
9734654.0,berth,2,2021-12-29 20:58:10,2022-01-01 03:51:49,300932.0,Crude Oil Tanker,berth2,VLCC,2 days 06:53:39,1.0,0 days 00:00:00,2021-12-29 20:58:10,,,,,,0 days 00:00:00,0 days 00:00:00,0.0,0.0,0,0,0,0,0,20,Wednesday,December,Suezmax,Aframax,VLCC,No vessel,No vessel,156480.0,113049.0,300932.0,0.0,0.0,0 days 05:30:24,0 days 19:52:43,0 days 00:00:00,0,0,berth2
9794006.0,berth,2,2022-01-02 06:20:26,2022-01-04 19:16:05,318747.0,Crude Oil Tanker,berth2,VLCC,2 days 12:55:39,1.0,0 days 00:00:00,2022-01-02 06:20:26,,,0 days 00:00:00,0 days 00:00:00,0 days 00:00:00,0 days 00:00:00,0 days 00:00:00,0.0,0.0,0,0,0,0,0,6,Sunday,January,No vessel,No vessel,VLCC,No vessel,No vessel,0.0,0.0,318747.0,0.0,0.0,0,0,0 days 00:00:00,0,0,berth2
9378369.0,berth,3,2022-01-06 05:25:41,2022-01-07 15:45:43,159021.0,Crude Oil Tanker,berth3,Suezmax,1 days 10:20:02,1.0,0 days 00:00:00,2022-01-06 05:25:41,,,0 days 00:00:00,0 days 00:00:00,0 days 00:00:00,0 days 00:02:00.200000,0 days 00:02:00.200000,0.0,0.0,0,0,0,0,0,5,Thursday,January,Suezmax,No vessel,No vessel,No vessel,No vessel,159021.0,0.0,0.0,0.0,0.0,0 days 00:00:00,0,0,0,0,berth3
9890965.0,berth,2,2022-01-11 13:15:04,2022-01-14 05:34:02,313051.0,Crude Oil Tanker,berth2,VLCC,2 days 16:18:58,1.0,0 days 00:00:00,2022-01-11 13:15:04,,,,,,0 days 00:00:00,0 days 00:00:00,0.0,0.0,0,0,0,0,0,13,Tuesday,January,No vessel,No vessel,VLCC,Aframax,No vessel,0.0,0.0,313051.0,109857.0,0.0,0,0,0 days 00:00:00,1 days 04:22:50,0,berth2
9762998.0,berth,2,2022-01-20 18:36:15,2022-01-23 18:00:35,299998.0,Crude Oil Tanker,berth2,VLCC,2 days 23:24:20,3.0,0 days 00:00:00,2022-01-20 18:36:15,,,,,,0 days 00:00:00,0 days 00:06:00,0.0,0.0,0,0,0,0,0,18,Thursday,January,No vessel,No vessel,VLCC,Aframax,No vessel,0.0,0.0,299998.0,113611.0,0.0,0,0,0 days 00:00:00,0 days 01:27:21,0,berth2
9830977.0,berth,2,2022-01-26 06:44:10,2022-01-28 10:44:52,314014.0,Crude Oil Tanker,berth2,VLCC,2 days 04:00:42,1.0,0 days 00:00:00,2022-01-26 06:44:10,,0 days 00:09:29,0 days 00:09:29,0 days 00:09:29,0 days 00:04:44.500000,0 days 00:03:09.666666666,0 days 00:01:53.800000,0.0,0.0,0,0,0,0,0,6,Wednesday,January,Aframax,No vessel,VLCC,No vessel,No vessel,113554.0,0.0,314014.0,0.0,0.0,1 days 10:38:02,0,0 days 00:00:00,0,0,berth2
9457892.0,berth,3,2022-01-28 11:54:03,2022-01-30 08:27:02,158466.0,Crude Oil Tanker,berth3,Suezmax,1 days 20:32:59,1.0,0 days 00:00:00,2022-01-28 11:54:03,,0 days 00:00:00,0 days 00:00:00,0 days 00:00:00,0 days 00:00:00,0 days 00:00:00,0 days 00:02:47.800000,0.0,0.0,0,0,0,0,0,11,Friday,January,Suezmax,Aframax,No vessel,No vessel,No vessel,158466.0,109857.0,0.0,0.0,0.0,0 days 00:00:00,0 days 00:47:34,0,0,0,berth3
9782522.0,berth,2,2022-01-31 00:50:12,2022-02-02 06:39:43,312328.0,Crude Oil Tanker,berth2,VLCC,2 days 05:49:31,4.0,0 days 00:00:00,2022-01-31 00:50:12,,,,,0 days 00:00:00,0 days 00:01:05,0 days 00:00:32.500000,0.0,0.0,0,0,0,0,0,0,Monday,January,No vessel,Aframax,VLCC,No vessel,No vessel,0.0,106359.0,312328.0,0.0,0.0,0,0 days 07:57:29,0 days 00:00:00,0,0,berth2
9528794.0,berth,2,2022-02-05 16:14:35,2022-02-08 08:36:00,318130.0,Crude Oil Tanker,berth2,VLCC,2 days 16:21:25,3.0,0 days 00:00:00,2022-02-05 16:14:35,,,,0 days 00:00:00,0 days 00:00:00,0 days 00:00:00,0 days 00:00:00,0.0,0.0,0,0,0,0,0,16,Saturday,February,No vessel,Aframax,VLCC,No vessel,No vessel,0.0,105651.0,318130.0,0.0,0.0,0,0 days 03:30:24,0 days 00:00:00,0,0,berth2
9457892.0,berth,2,2022-02-12 20:57:50,2022-02-14 05:37:48,158466.0,Crude Oil Tanker,berth2,Suezmax,1 days 08:39:58,2.0,0 days 00:00:00,2022-02-12 20:57:50,,,,,,0 days 00:00:00,0 days 00:00:00,0.0,0.0,0,0,0,0,0,20,Saturday,February,Aframax,No vessel,Suezmax,Aframax,No vessel,113004.0,0.0,158466.0,113651.0,0.0,0 days 09:10:44,0,0 days 00:00:00,1 days 04:22:09,0,berth3
9734109.0,berth,2,2022-02-14 17:10:03,2022-02-17 09:55:48,299999.0,Crude Oil Tanker,berth2,VLCC,2 days 16:45:45,3.0,0 days 00:00:00,2022-02-14 17:10:03,,,0 days 00:00:00,0 days 00:00:00,0 days 00:00:00,0 days 00:00:00,0 days 00:00:00,0.0,0.0,0,0,0,0,0,17,Monday,February,No vessel,No vessel,VLCC,No vessel,No vessel,0.0,0.0,299999.0,0.0,0.0,0,0,0 days 00:00:00,0,0,berth2
9565950.0,berth,2,2022-02-18 19:41:17,2022-02-20 03:24:02,157740.0,Crude Oil Tanker,berth2,Suezmax,1 days 07:42:45,1.0,0 days 00:00:00,2022-02-18 19:41:17,,,,,,0 days 00:01:04,0 days 00:01:04,0.0,0.0,0,0,0,0,0,19,Friday,February,Aframax,Aframax,Suezmax,No vessel,No vessel,115618.0,107505.0,157740.0,0.0,0.0,0 days 19:20:52,0 days 03:44:03,0 days 00:00:00,0,0,berth2
9565948.0,berth,2,2022-02-22 01:31:22,2022-02-23 06:30:26,157648.0,Crude Oil Tanker,berth2,Suezmax,1 days 04:59:04,1.0,0 days 00:00:00,2022-02-22 01:31:22,,,,,,0 days 00:00:00,0 days 00:00:00,0.0,0.0,0,0,0,0,0,1,Tuesday,February,No vessel,Aframax,Suezmax,No vessel,No vessel,0.0,109716.0,157648.0,0.0,0.0,0,0 days 02:35:44,0 days 00:00:00,0,0,berth2
9852121.0,berth,2,2022-02-24 05:39:00,2022-03-01 05:06:56,300633.0,Crude Oil Tanker,berth2,VLCC,4 days 23:27:56,1.0,0 days 00:00:00,2022-02-24 05:39:00,,,,,0 days 00:00:00,0 days 00:00:00,0 days 00:00:00,0.0,0.0,0,0,0,0,0,5,Thursday,February,No vessel,No vessel,VLCC,No vessel,No vessel,0.0,0.0,300633.0,0.0,0.0,0,0,0 days 00:00:00,0,0,berth2
9858450.0,berth,2,2022-03-02 10:44:58,2022-03-04 05:33:43,299999.0,Crude Oil Tanker,berth2,VLCC,1 days 18:48:45,5.0,0 days 00:00:00,2022-03-02 10:44:58,,0 days 00:00:00,0 days 00:00:00,0 days 00:00:00,0 days 00:00:00,0 days 00:00:00,0 days 00:00:00,0.0,0.0,0,0,0,0,0,10,Wednesday,March,Aframax,No vessel,VLCC,No vessel,No vessel,112939.0,0.0,299999.0,0.0,0.0,0 days 22:05:52,0,0 days 00:00:00,0,0,berth2
9899375.0,berth,3,2022-03-08 17:28:40,2022-03-09 21:01:00,156828.0,Crude Oil Tanker,berth3,Suezmax,1 days 03:32:20,1.0,0 days 00:42:02,2022-03-08 15:49:39,anchorage10,0 days 00:00:00,0 days 00:00:00,0 days 00:00:00,0 days 00:00:00,0 days 00:00:00,0 days 00:00:00,0.0,0.0,0,0,0,0,0,17,Tuesday,March,Suezmax,No vessel,Handysize,No vessel,No vessel,156828.0,0.0,39698.0,0.0,0.0,0 days 00:00:00,0,0 days 19:43:40,0,0,berth3
9565948.0,berth,2,2022-03-10 23:18:04,2022-03-12 03:30:27,157648.0,Crude Oil Tanker,berth2,Suezmax,1 days 04:12:23,2.0,0 days 00:00:00,2022-03-10 23:18:04,,,,0 days 00:11:19,0 days 00:11:19,0 days 00:17:47,0 days 00:13:20.250000,0.0,0.0,0,0,0,0,0,23,Thursday,March,Aframax,No vessel,Suezmax,No vessel,No vessel,115711.0,0.0,157648.0,0.0,0.0,0 days 18:31:13,0,0 days 00:00:00,0,0,berth2
9818228.0,berth,4,2022-03-23 06:58:36,2022-03-24 06:32:13,157526.0,Crude Oil Tanker,berth4,Suezmax,0 days 23:33:37,3.0,0 days 00:00:00,2022-03-23 06:58:36,,,,,0 days 00:00:00,0 days 00:00:00,0 days 00:00:00,0.0,0.0,0,0,0,0,0,6,Wednesday,March,No vessel,No vessel,No vessel,Suezmax,No vessel,0.0,0.0,0.0,157526.0,0.0,0,0,0,0 days 00:00:00,0,berth2
9436446.0,berth,3,2022-03-23 13:54:31,2022-03-25 23:38:59,158555.0,Crude Oil Tanker,berth3,Suezmax,2 days 09:44:28,1.0,0 days 00:00:00,2022-03-23 13:54:31,,,,,,0 days 00:00:00,0 days 00:00:00,0.0,0.0,0,0,0,0,0,13,Wednesday,March,Suezmax,Aframax,No vessel,Suezmax,No vessel,158555.0,115521.0,0.0,157526.0,0.0,0 days 00:00:00,0 days 03:05:33,0,0 days 06:55:55,0,berth3
9826847.0,berth,2,2022-03-24 17:02:00,2022-03-26 17:59:06,308121.0,Crude Oil Tanker,berth2,VLCC,2 days 00:57:06,2.0,0 days 00:00:00,2022-03-24 17:02:00,,0 days 00:00:00,0 days 00:00:00,0 days 00:00:00,0 days 00:00:00,0 days 00:00:00,0 days 00:00:00,0.0,0.0,0,0,0,0,0,17,Thursday,March,Suezmax,Aframax,VLCC,No vessel,No vessel,158555.0,113563.0,308121.0,0.0,0.0,1 days 03:07:29,0 days 01:32:40,0 days 00:00:00,0,0,berth2
9799123.0,berth,2,2022-03-28 22:53:25,2022-03-31 02:50:25,311003.0,Crude Oil Tanker,berth2,VLCC,2 days 03:57:00,1.0,0 days 00:00:00,2022-03-28 22:53:25,,,,,,0 days 00:00:00,0 days 00:01:47.750000,0.0,0.0,0,0,0,0,0,22,Monday,March,Handysize,No vessel,VLCC,No vessel,No vessel,38734.0,0.0,311003.0,0.0,0.0,0 days 07:27:04,0,0 days 00:00:00,0,0,berth2
9818228.0,berth,2,2022-04-03 00:38:41,2022-04-04 03:20:39,157526.0,Crude Oil Tanker,berth2,Suezmax,1 days 02:41:58,4.0,0 days 00:00:00,2022-04-03 00:38:41,,,,,0 days 00:00:00,0 days 00:00:00,0 days 00:00:00,0.0,0.0,0,0,0,0,0,0,Sunday,April,No vessel,No vessel,Suezmax,No vessel,No vessel,0.0,0.0,157526.0,0.0,0.0,0,0,0 days 00:00:00,0,0,berth2
9681209.0,berth,2,2022-04-10 13:30:11,2022-04-12 19:57:11,308013.0,Crude Oil Tanker,berth2,VLCC,2 days 06:27:00,1.0,0 days 00:00:00,2022-04-10 13:30:11,,,0 days 00:00:00,0 days 00:00:00,0 days 00:00:00,0 days 00:00:00,0 days 00:00:00,0.0,0.0,0,0,0,0,0,13,Sunday,April,No vessel,No vessel,VLCC,No vessel,No vessel,0.0,0.0,308013.0,0.0,0.0,0,0,0 days 00:00:00,0,0,berth2
9385192.0,berth,3,2022-04-14 00:28:32,2022-04-15 13:05:00,159995.0,Crude Oil Tanker,berth3,Suezmax,1 days 12:36:28,1.0,0 days 00:00:00,2022-04-14 00:28:32,,,,,,0 days 00:00:00,0 days 00:00:00,0.0,0.0,0,0,0,0,0,0,Thursday,April,Suezmax,No vessel,No vessel,No vessel,No vessel,159995.0,0.0,0.0,0.0,0.0,0 days 00:00:00,0,0,0,0,berth3
9818228.0,berth,1,2022-04-14 22:07:47,2022-04-15 21:34:46,157526.0,Crude Oil Tanker,berth1,Suezmax,0 days 23:26:59,5.0,0 days 00:00:00,2022-04-14 22:07:47,,,,,,,0 days 00:00:00,0.0,0.0,0,0,0,0,0,22,Thursday,April,Suezmax,Suezmax,No vessel,No vessel,No vessel,159995.0,157526.0,0.0,0.0,0.0,0 days 21:39:15,0 days 00:00:00,0,0,0,berth2
9826847.0,berth,2,2022-04-16 22:50:15,2022-04-19 02:41:45,308121.0,Crude Oil Tanker,berth2,VLCC,2 days 03:51:30,3.0,0 days 00:00:00,2022-04-16 22:50:15,,,,,,0 days 00:00:00,0 days 00:00:00,0.0,0.0,0,0,0,0,0,22,Saturday,April,Handysize,No vessel,VLCC,No vessel,No vessel,39043.0,0.0,308121.0,0.0,0.0,0 days 23:38:23,0,0 days 00:00:00,0,0,berth2
9819844.0,berth,2,2022-04-26 21:34:44,2022-04-28 03:48:01,159090.0,Crude Oil Tanker,berth2,Suezmax,1 days 06:13:17,1.0,0 days 00:00:00,2022-04-26 21:34:44,,0 days 00:00:00,0 days 00:00:00,0 days 00:00:00,0 days 00:00:00,0 days 00:00:00,0 days 00:00:00,0.0,0.0,0,0,0,0,0,21,Tuesday,April,Handysize,No vessel,Suezmax,No vessel,No vessel,39043.0,0.0,159090.0,0.0,0.0,2 days 03:36:02,0,0 days 00:00:00,0,0,berth2
9826847.0,berth,2,2022-05-07 01:29:26,2022-05-08 21:43:04,308121.0,Crude Oil Tanker,berth2,VLCC,1 days 20:13:38,4.0,0 days 00:00:00,2022-05-07 01:29:26,,,0 days 00:00:00,0 days 00:00:00,0 days 00:00:00,0 days 00:00:00,0 days 00:00:00,0.0,0.0,0,0,0,0,0,1,Saturday,May,Aframax,Aframax,VLCC,No vessel,No vessel,112156.0,105361.0,308121.0,0.0,0.0,1 days 01:04:38,1 days 13:49:19,0 days 00:00:00,0,0,berth2
9427641.0,berth,3,2022-05-13 18:05:07,2022-05-14 18:41:08,149999.0,Crude Oil Tanker,berth3,Suezmax,1 days 00:36:01,2.0,0 days 00:00:00,2022-05-13 18:05:07,,,0 days 00:00:00,0 days 00:00:00,0 days 00:00:00,0 days 00:01:57,0 days 00:01:27.750000,0.0,0.0,0,0,0,0,0,18,Friday,May,Suezmax,No vessel,Aframax,No vessel,No vessel,149999.0,0.0,115382.0,0.0,0.0,0 days 00:00:00,0,0 days 09:26:42,0,0,berth2
9593012.0,berth,3,2022-05-16 10:12:46,2022-05-18 11:42:42,159500.0,Crude Oil Tanker,berth3,Suezmax,2 days 01:29:56,1.0,0 days 00:00:00,2022-05-16 10:12:46,,,,0 days 00:00:00,0 days 00:00:00,0 days 00:00:00,0 days 00:00:00,0.0,0.0,0,0,0,0,0,10,Monday,May,Suezmax,No vessel,Aframax,No vessel,No vessel,159500.0,0.0,113039.0,0.0,0.0,0 days 00:00:00,0,0 days 03:28:05,0,0,berth3
9302982.0,berth,2,2022-05-17 12:53:46,2022-05-18 18:10:48,150205.0,Crude Oil Tanker,berth2,Suezmax,1 days 05:17:02,1.0,0 days 00:00:00,2022-05-17 12:53:46,,0 days 00:00:00,0 days 00:00:00,0 days 00:00:00,0 days 00:00:00,0 days 00:00:00,0 days 00:00:00,0.0,0.0,0,0,0,0,0,12,Tuesday,May,Suezmax,No vessel,Suezmax,Aframax,No vessel,159500.0,0.0,150205.0,113736.0,0.0,1 days 02:41:00,0,0 days 00:00:00,0 days 15:08:23,0,berth2
9378369.0,berth,3,2022-05-25 23:34:44,2022-05-27 03:08:58,159021.0,Crude Oil Tanker,berth3,Suezmax,1 days 03:34:14,2.0,0 days 00:00:00,2022-05-25 23:34:44,,,,,0 days 00:34:38,0 days 00:34:38,0 days 00:34:38,0.0,0.0,0,0,0,0,0,23,Wednesday,May,Suezmax,Aframax,Aframax,No vessel,No vessel,159021.0,112459.0,113563.0,0.0,0.0,0 days 00:00:00,0 days 15:29:46,0 days 03:55:31,0,0,berth3
9427641.0,berth,2,2022-06-01 00:40:31,2022-06-02 14:09:09,149999.0,Crude Oil Tanker,berth2,Suezmax,1 days 13:28:38,3.0,0 days 00:06:30,2022-05-31 23:01:38,anchorage10,,,,0 days 00:00:00,0 days 00:00:00,0 days 00:00:00,0.0,0.0,0,0,0,0,0,0,Wednesday,June,No vessel,No vessel,Suezmax,No vessel,No vessel,0.0,0.0,149999.0,0.0,0.0,0,0,0 days 00:00:00,0,0,berth2
9322267.0,berth,2,2022-06-07 12:57:51,2022-06-09 14:12:42,306431.0,Crude Oil Tanker,berth2,VLCC,2 days 01:14:51,1.0,0 days 00:00:00,2022-06-07 12:57:51,,0 days 00:02:21,0 days 00:02:21,0 days 00:02:21,0 days 00:02:21,0 days 00:02:21,0 days 00:02:21,0.0,0.0,0,0,0,0,0,12,Tuesday,June,No vessel,No vessel,VLCC,No vessel,No vessel,0.0,0.0,306431.0,0.0,0.0,0,0,0 days 00:00:00,0,0,berth2
9418602.0,berth,3,2022-06-11 00:05:14,2022-06-12 21:45:26,156480.0,Crude Oil Tanker,berth3,Suezmax,1 days 21:40:12,2.0,0 days 00:00:00,2022-06-11 00:05:14,,,0 days 00:00:00,0 days 00:00:00,0 days 00:00:00,0 days 00:00:00,0 days 00:00:00,0.0,0.0,0,0,0,0,0,0,Saturday,June,Suezmax,No vessel,Aframax,ULCC,No vessel,156480.0,0.0,113004.0,320780.0,0.0,0 days 00:00:00,0,0 days 08:08:02,2 days 09:54:38,0,berth3
9832250.0,berth,2,2022-06-13 03:05:29,2022-06-14 08:40:37,149999.0,Crude Oil Tanker,berth2,Suezmax,1 days 05:35:08,1.0,0 days 00:00:00,2022-06-13 03:05:29,,,0 days 00:00:00,0 days 00:00:00,0 days 00:00:00,0 days 00:00:00,0 days 00:00:00,0.0,0.0,0,0,0,0,0,3,Monday,June,No vessel,No vessel,Suezmax,No vessel,No vessel,0.0,0.0,149999.0,0.0,0.0,0,0,0 days 00:00:00,0,0,berth2
9320714.0,berth,3,2022-06-13 08:25:04,2022-06-14 19:17:27,166468.0,Crude Oil Tanker,berth3,Suezmax,1 days 10:52:23,1.0,0 days 00:00:00,2022-06-13 08:25:04,,,,0 days 00:00:00,0 days 00:00:00,0 days 00:00:00,0 days 00:00:00,0.0,0.0,0,0,0,0,0,8,Monday,June,Suezmax,No vessel,Suezmax,No vessel,No vessel,166468.0,0.0,149999.0,0.0,0.0,0 days 00:00:00,0,0 days 05:19:35,0,0,berth3
9682980.0,berth,3,2022-06-14 23:08:50,2022-06-15 21:55:48,158277.0,Crude Oil Tanker,berth3,Suezmax,0 days 22:46:58,1.0,0 days 00:00:00,2022-06-14 23:08:50,,,0 days 00:00:00,0 days 00:00:00,0 days 00:00:00,0 days 00:00:00,0 days 00:00:00,0.0,0.0,0,0,0,0,0,23,Tuesday,June,Suezmax,No vessel,Aframax,Aframax,No vessel,158277.0,0.0,106359.0,114396.0,0.0,0 days 00:00:00,0,0 days 09:51:29,0 days 05:56:16,0,berth3
9759757.0,berth,2,2022-06-15 12:15:38,2022-06-16 15:46:38,157460.0,Crude Oil Tanker,berth2,Suezmax,1 days 03:31:00,1.0,0 days 00:00:00,2022-06-15 12:15:38,,,0 days 00:00:00,0 days 00:00:00,0 days 00:00:00,0 days 00:00:00,0 days 00:00:00,0.0,0.0,0,0,0,0,0,12,Wednesday,June,Suezmax,No vessel,Suezmax,Aframax,No vessel,158277.0,0.0,157460.0,114396.0,0.0,0 days 13:06:48,0,0 days 00:00:00,0 days 19:03:04,0,berth2
9803285.0,berth,2,2022-06-17 23:57:30,2022-06-18 23:33:56,156424.0,Crude Oil Tanker,berth2,Suezmax,0 days 23:36:26,3.0,0 days 00:00:00,2022-06-17 23:57:30,,,,,0 days 00:00:00,0 days 00:00:00,0 days 00:00:00,0.0,0.0,0,0,0,0,0,23,Friday,June,No vessel,No vessel,Suezmax,No vessel,No vessel,0.0,0.0,156424.0,0.0,0.0,0,0,0 days 00:00:00,0,0,berth2
9579030.0,berth,4,2022-07-16 18:43:45,2022-07-18 02:31:17,159236.0,Crude Oil Tanker,berth4,Suezmax,1 days 07:47:32,1.0,0 days 00:00:00,2022-07-16 18:43:45,,,,,,0 days 00:00:00,0 days 00:00:00,0.0,0.0,0,0,0,0,0,18,Saturday,July,Aframax,Aframax,No vessel,Suezmax,No vessel,112719.0,114560.0,0.0,159236.0,0.0,0 days 18:35:27,0 days 07:00:18,0,0 days 00:00:00,0,berth2
9534846.0,berth,2,2022-08-01 09:38:05,2022-08-03 20:20:05,297085.0,Crude Oil Tanker,berth2,VLCC,2 days 10:42:00,1.0,0 days 00:00:00,2022-08-01 09:38:05,,0 days 00:00:00,0 days 00:00:00,0 days 00:00:00,0 days 00:00:00,0 days 00:00:00,0 days 00:00:00,0.0,0.0,0,0,0,0,0,9,Monday,August,No vessel,No vessel,VLCC,No vessel,No vessel,0.0,0.0,297085.0,0.0,0.0,0,0,0 days 00:00:00,0,0,berth2
9452880.0,berth,2,2022-09-08 00:43:41,2022-09-09 01:47:50,166164.0,Crude Oil Tanker,berth2,Suezmax,1 days 01:04:09,1.0,0 days 00:00:00,2022-09-08 00:43:41,,,,,0 days 00:00:00,0 days 00:00:00,0 days 00:00:00,0.0,0.0,0,0,0,0,0,0,Thursday,September,No vessel,No vessel,Suezmax,No vessel,No vessel,0.0,0.0,166164.0,0.0,0.0,0,0,0 days 00:00:00,0,0,berth2
9486544.0,berth,2,2022-09-19 12:25:13,2022-09-21 09:14:42,296951.0,Crude Oil Tanker,berth2,VLCC,1 days 20:49:29,1.0,0 days 00:00:00,2022-09-19 12:25:13,,,0 days 00:00:00,0 days 00:00:00,0 days 00:00:00,0 days 00:00:00,0 days 00:00:00,0.0,0.0,0,0,0,0,0,12,Monday,September,Aframax,No vessel,VLCC,No vessel,No vessel,108524.0,0.0,296951.0,0.0,0.0,1 days 03:59:43,0,0 days 00:00:00,0,0,berth2
9785237.0,berth,2,2022-09-26 15:59:59,2022-09-27 15:06:38,159055.0,Crude Oil Tanker,berth2,Suezmax,0 days 23:06:39,1.0,0 days 00:00:00,2022-09-26 15:59:59,,,,,,0 days 00:00:00,0 days 00:00:00,0.0,0.0,0,0,0,0,0,15,Monday,September,Aframax,No vessel,Suezmax,No vessel,No vessel,113563.0,0.0,159055.0,0.0,0.0,0 days 17:48:24,0,0 days 00:00:00,0,0,berth2
9735361.0,berth,2,2022-09-30 09:58:52,2022-10-02 06:06:54,302652.0,Crude Oil Tanker,berth2,VLCC,1 days 20:08:02,1.0,0 days 00:00:00,2022-09-30 09:58:52,,,0 days 00:00:00,0 days 00:00:00,0 days 00:00:00,0 days 00:00:00,0 days 00:00:00,0.0,0.0,0,0,0,0,0,9,Friday,September,No vessel,No vessel,VLCC,Aframax,No vessel,0.0,0.0,302652.0,112949.0,0.0,0,0,0 days 00:00:00,0 days 01:57:10,0,berth2
9315173.0,berth,4,2022-10-07 13:20:57,2022-10-08 17:26:59,163216.0,Crude Oil Tanker,berth4,Suezmax,1 days 04:06:02,1.0,0 days 00:00:00,2022-10-07 13:20:57,,0 days 00:00:00,0 days 00:00:00,0 days 00:00:00,0 days 00:00:00,0 days 00:00:00,0 days 00:00:00,0.0,0.0,0,0,0,0,0,13,Friday,October,No vessel,No vessel,Aframax,Suezmax,No vessel,0.0,0.0,114218.0,163216.0,0.0,0,0,0 days 04:16:27,0 days 00:00:00,0,berth2
9399480.0,berth,3,2022-10-07 15:38:32,2022-10-08 15:08:51,156719.0,Crude Oil Tanker,berth3,Suezmax,0 days 23:30:19,1.0,0 days 00:00:00,2022-10-07 15:38:32,,,0 days 00:00:00,0 days 00:00:00,0 days 00:00:00,0 days 00:00:00,0 days 00:00:00,0.0,0.0,0,0,0,0,0,15,Friday,October,Suezmax,No vessel,Aframax,Suezmax,No vessel,156719.0,0.0,114218.0,163216.0,0.0,0 days 00:00:00,0,0 days 06:34:02,0 days 02:17:35,0,berth3
9818228.0,berth,3,2022-10-18 11:34:57,2022-10-19 11:01:28,157526.0,Crude Oil Tanker,berth3,Suezmax,0 days 23:26:31,6.0,0 days 00:00:00,2022-10-18 11:34:57,,,,,,,,0.0,0.0,0,0,0,0,0,11,Tuesday,October,Suezmax,No vessel,Aframax,Aframax,No vessel,157526.0,0.0,113293.0,112066.0,0.0,0 days 00:00:00,0,0 days 13:35:16,0 days 03:20:02,0,berth2
9889954.0,berth,3,2022-10-22 06:15:47,2022-10-24 00:53:33,156921.0,Crude Oil Tanker,berth3,Suezmax,1 days 18:37:46,1.0,0 days 00:00:00,2022-10-22 06:15:47,,,,0 days 00:00:00,0 days 00:00:00,0 days 00:00:00,0 days 00:00:00,0.0,0.0,0,0,0,0,0,6,Saturday,October,Suezmax,No vessel,No vessel,No vessel,No vessel,156921.0,0.0,0.0,0.0,0.0,0 days 00:00:00,0,0,0,0,berth3
9776559.0,berth,2,2022-10-22 23:56:12,2022-10-25 08:07:52,319398.0,Crude Oil Tanker,berth2,VLCC,2 days 08:11:40,1.0,0 days 00:00:00,2022-10-22 23:56:12,,,,,,0 days 00:00:00,0 days 00:00:00,0.0,0.0,0,0,0,0,0,23,Saturday,October,Suezmax,No vessel,VLCC,Aframax,No vessel,156921.0,0.0,319398.0,113563.0,0.0,0 days 17:40:25,0,0 days 00:00:00,0 days 15:27:16,0,berth2
9418597.0,berth,3,2022-10-28 18:26:52,2022-10-29 20:32:53,156493.0,Crude Oil Tanker,berth3,Suezmax,1 days 02:06:01,2.0,0 days 00:00:00,2022-10-28 18:26:52,,,,,0 days 00:00:00,0 days 00:00:00,0 days 00:00:00,0.0,0.0,0,0,0,0,0,18,Friday,October,Suezmax,No vessel,No vessel,No vessel,No vessel,156493.0,0.0,0.0,0.0,0.0,0 days 00:00:00,0,0,0,0,berth3
9910246.0,berth,2,2022-11-01 13:22:56,2022-11-03 18:02:51,299473.0,Crude Oil Tanker,berth2,VLCC,2 days 04:39:55,1.0,0 days 00:00:00,2022-11-01 13:22:56,,,0 days 00:00:00,0 days 00:00:00,0 days 00:00:00,0 days 00:00:00,0 days 00:00:00,0.0,0.0,0,0,0,0,0,13,Tuesday,November,No vessel,No vessel,VLCC,No vessel,No vessel,0.0,0.0,299473.0,0.0,0.0,0,0,0 days 00:00:00,0,0,berth2
9772931.0,berth,3,2022-11-19 19:37:47,2022-11-20 21:22:05,158455.0,Crude Oil Tanker,berth3,Suezmax,1 days 01:44:18,1.0,0 days 00:00:00,2022-11-19 19:37:47,,,,0 days 00:00:00,0 days 00:00:00,0 days 00:00:00,0 days 00:00:00,0.0,0.0,0,0,0,0,0,19,Saturday,November,Suezmax,Aframax,No vessel,No vessel,No vessel,158455.0,112949.0,0.0,0.0,0.0,0 days 00:00:00,0 days 12:21:01,0,0,0,berth3
9296389.0,berth,2,2022-12-02 20:09:53,2022-12-03 22:41:23,149997.0,Crude Oil Tanker,berth2,Suezmax,1 days 02:31:30,1.0,0 days 00:00:00,2022-12-02 20:09:53,,0 days 00:00:00,0 days 00:00:00,0 days 00:00:00,0 days 00:00:00,0 days 00:00:00,0 days 00:00:00,0.0,0.0,0,0,0,0,0,20,Friday,December,No vessel,No vessel,Suezmax,No vessel,No vessel,0.0,0.0,149997.0,0.0,0.0,0,0,0 days 00:00:00,0,0,berth2
9513115.0,berth,2,2022-12-15 16:23:46,2022-12-17 09:23:16,319319.0,Crude Oil Tanker,berth2,VLCC,1 days 16:59:30,1.0,0 days 00:00:00,2022-12-15 16:23:46,,,0 days 00:00:00,0 days 00:00:00,0 days 00:00:00,0 days 00:00:00,0 days 00:00:00,0.0,0.0,0,0,0,0,0,16,Thursday,December,No vessel,No vessel,VLCC,No vessel,No vessel,0.0,0.0,319319.0,0.0,0.0,0,0,0 days 00:00:00,0,0,berth2
9889942.0,berth,3,2022-12-22 22:26:47,2022-12-24 01:05:48,156921.0,Crude Oil Tanker,berth3,Suezmax,1 days 02:39:01,1.0,0 days 00:00:00,2022-12-22 22:26:47,,,,0 days 00:00:00,0 days 00:00:00,0 days 00:00:00,0 days 00:00:00,0.0,0.0,0,0,0,0,0,22,Thursday,December,Suezmax,No vessel,No vessel,No vessel,No vessel,156921.0,0.0,0.0,0.0,0.0,0 days 00:00:00,0,0,0,0,berth3
9803285.0,berth,2,2022-12-23 03:34:29,2022-12-24 10:30:00,156424.0,Crude Oil Tanker,berth2,Suezmax,1 days 06:55:31,4.0,0 days 00:00:00,2022-12-23 03:34:29,,,,,0 days 00:00:00,0 days 00:00:00,0 days 00:00:00,0.0,0.0,0,0,0,0,0,3,Friday,December,Suezmax,No vessel,Suezmax,No vessel,No vessel,156921.0,0.0,156424.0,0.0,0.0,0 days 05:07:42,0,0 days 00:00:00,0,0,berth2
9889942.0,berth,3,2022-12-31 11:33:53,2022-12-31 23:51:05,156921.0,Crude Oil Tanker,berth3,Suezmax,0 days 12:17:12,2.0,0 days 00:00:00,2022-12-31 11:33:53,,,,,,0 days 00:00:00,0 days 00:00:00,0.0,0.0,0,0,0,0,0,11,Saturday,December,Suezmax,No vessel,No vessel,No vessel,No vessel,156921.0,0.0,0.0,0.0,0.0,0 days 00:00:00,0,0,0,0,berth3
